"scenario_id","iteration","seed","method","repeat_scale","trial_size","candidate_size","interactions","quadratic","nominal_levels","density","candidate_rows","p_cols","trials","repeats_base","repeats","runtime_ms","d_opt","error"
1,1,200101,"point_exchange","base","large","small","many","none",5,"low",45,16,31,12,12,28.9999999999964,95.8313255772348,NA
1,1,200101,"coordinate_exchange","base","large","small","many","none",5,"low",45,16,31,12,12,1141,95.8313255772348,NA
1,2,200102,"point_exchange","base","large","small","many","none",5,"low",45,16,31,12,12,24.9999999999986,95.8313255772348,NA
1,2,200102,"coordinate_exchange","base","large","small","many","none",5,"low",45,16,31,12,12,1021,95.8313255772348,NA
2,1,200201,"point_exchange","base","large","small","many","none",3,"high",1323,10,19,8,8,33.9999999999989,95.7294673585515,NA
2,1,200201,"coordinate_exchange","base","large","small","many","none",3,"high",1323,10,19,8,8,323,95.7294673585514,NA
2,2,200202,"point_exchange","base","large","small","many","none",3,"high",1323,10,19,8,8,34.9999999999966,95.7294673585514,NA
2,2,200202,"coordinate_exchange","base","large","small","many","none",3,"high",1323,10,19,8,8,323,95.7294673585514,NA
3,1,200301,"point_exchange","base","large","small","many","none",3,"low",27,10,19,12,12,18.0000000000007,95.7294673585514,NA
3,1,200301,"coordinate_exchange","base","large","small","many","none",3,"low",27,10,19,12,12,431.000000000004,95.7294673585515,NA
3,2,200302,"point_exchange","base","large","small","many","none",3,"low",27,10,19,12,12,18.9999999999984,95.7294673585514,NA
3,2,200302,"coordinate_exchange","base","large","small","many","none",3,"low",27,10,19,12,12,439,95.7294673585515,NA
4,1,200401,"point_exchange","base","large","small","many","none",4,"high",1764,13,25,5,5,40.9999999999968,95.7838789095482,NA
4,1,200401,"coordinate_exchange","base","large","small","many","none",4,"high",1764,13,25,5,5,175.000000000004,95.7838789095482,NA
4,2,200402,"point_exchange","base","large","small","many","none",4,"high",1764,13,25,5,5,40.9999999999968,95.7838789095482,NA
4,2,200402,"coordinate_exchange","base","large","small","many","none",4,"high",1764,13,25,5,5,181.000000000004,95.7838789095482,NA
5,1,200501,"point_exchange","base","large","small","many","some",5,"high",2205,17,33,5,5,113,80.7798609603695,NA
5,1,200501,"coordinate_exchange","base","large","small","many","some",5,"high",2205,17,33,5,5,409.000000000006,80.7798609603695,NA
5,2,200502,"point_exchange","base","large","small","many","some",5,"high",2205,17,33,5,5,92.9999999999964,80.7798609603695,NA
5,2,200502,"coordinate_exchange","base","large","small","many","some",5,"high",2205,17,33,5,5,411.999999999999,80.7798609603695,NA
6,1,200601,"point_exchange","base","large","small","many","some",5,"low",45,17,33,12,12,30.0000000000011,80.7798609603695,NA
6,1,200601,"coordinate_exchange","base","large","small","many","some",5,"low",45,17,33,12,12,1703.99999999999,80.7798609603695,NA
6,2,200602,"point_exchange","base","large","small","many","some",5,"low",45,17,33,12,12,33.0000000000013,80.7798609603695,NA
6,2,200602,"coordinate_exchange","base","large","small","many","some",5,"low",45,17,33,12,12,1732,80.7798609603695,NA
7,1,200701,"point_exchange","base","large","small","many","some",3,"low",27,11,21,12,12,26.0000000000105,75.3486505806044,NA
7,1,200701,"coordinate_exchange","base","large","small","many","some",3,"low",27,11,21,12,12,856.999999999999,75.3486505806044,NA
7,2,200702,"point_exchange","base","large","small","many","some",3,"low",27,11,21,12,12,19.0000000000055,75.3486505806044,NA
7,2,200702,"coordinate_exchange","base","large","small","many","some",3,"low",27,11,21,12,12,789.999999999992,75.3486505806044,NA
8,1,200801,"point_exchange","base","large","small","many","some",4,"high",1764,14,27,5,5,58.9999999999975,78.7314551143865,NA
8,1,200801,"coordinate_exchange","base","large","small","many","some",4,"high",1764,14,27,5,5,387,78.7314551143864,NA
8,2,200802,"point_exchange","base","large","small","many","some",4,"high",1764,14,27,5,5,54.9999999999926,78.7314551143865,NA
8,2,200802,"coordinate_exchange","base","large","small","many","some",4,"high",1764,14,27,5,5,391.000000000005,78.7314551143864,NA
9,1,200901,"point_exchange","base","large","small","many","some",4,"low",36,14,27,12,12,22.9999999999961,78.7314551143865,NA
9,1,200901,"coordinate_exchange","base","large","small","many","some",4,"low",36,14,27,12,12,1371.00000000001,78.7314551143865,NA
9,2,200902,"point_exchange","base","large","small","many","some",4,"low",36,14,27,12,12,23.0000000000103,78.7314551143865,NA
9,2,200902,"coordinate_exchange","base","large","small","many","some",4,"low",36,14,27,12,12,1371,78.7314551143865,NA
10,1,201001,"point_exchange","base","large","small","many","many",5,"high",2205,18,35,5,5,114.000000000004,68.9985249467985,NA
10,1,201001,"coordinate_exchange","base","large","small","many","many",5,"high",2205,18,35,5,5,533.000000000001,68.9564338245277,NA
10,2,201002,"point_exchange","base","large","small","many","many",5,"high",2205,18,35,5,5,105.999999999995,68.9985249467985,NA
10,2,201002,"coordinate_exchange","base","large","small","many","many",5,"high",2205,18,35,5,5,533.999999999992,68.9564338245277,NA
11,1,201101,"point_exchange","base","large","small","many","many",5,"low",45,18,35,12,12,27.9999999999916,68.9926892566009,NA
11,1,201101,"coordinate_exchange","base","large","small","many","many",5,"low",45,18,35,12,12,1865.00000000001,68.9926892566008,NA
11,2,201102,"point_exchange","base","large","small","many","many",5,"low",45,18,35,12,12,28.0000000000058,68.9926892566008,NA
11,2,201102,"coordinate_exchange","base","large","small","many","many",5,"low",45,18,35,12,12,1673,68.9926892566008,NA
12,1,201201,"point_exchange","base","large","small","many","many",3,"high",1323,12,23,8,8,61.000000000007,62.1858082614388,NA
12,1,201201,"coordinate_exchange","base","large","small","many","many",3,"high",1323,12,23,8,8,620.999999999995,62.1858082614388,NA
12,2,201202,"point_exchange","base","large","small","many","many",3,"high",1323,12,23,8,8,63.0000000000024,62.1858082614388,NA
12,2,201202,"coordinate_exchange","base","large","small","many","many",3,"high",1323,12,23,8,8,605.999999999995,62.1858082614388,NA
13,1,201301,"point_exchange","base","large","small","many","many",3,"low",27,12,23,12,12,21.0000000000008,62.1753665285169,NA
13,1,201301,"coordinate_exchange","base","large","small","many","many",3,"low",27,12,23,12,12,875,62.1753665285169,NA
13,2,201302,"point_exchange","base","large","small","many","many",3,"low",27,12,23,12,12,21.0000000000008,62.1753665285169,NA
13,2,201302,"coordinate_exchange","base","large","small","many","many",3,"low",27,12,23,12,12,882.999999999996,62.1753665285169,NA
14,1,201401,"point_exchange","base","large","small","many","many",4,"high",1764,15,29,5,5,66.0000000000025,65.9944341906378,NA
14,1,201401,"coordinate_exchange","base","large","small","many","many",4,"high",1764,15,29,5,5,461.999999999989,65.9966474402849,NA
14,2,201402,"point_exchange","base","large","small","many","many",4,"high",1764,15,29,5,5,58.9999999999975,65.9966474402848,NA
14,2,201402,"coordinate_exchange","base","large","small","many","many",4,"high",1764,15,29,5,5,460.999999999999,65.9966474402849,NA
15,1,201501,"point_exchange","base","large","small","many","many",4,"low",36,15,29,12,12,16.9999999999959,65.9701173560959,NA
15,1,201501,"coordinate_exchange","base","large","small","many","many",4,"low",36,15,29,12,12,900.000000000006,65.9701173560958,NA
15,2,201502,"point_exchange","base","large","small","many","many",4,"low",36,15,29,12,12,10.0000000000051,65.9701173560959,NA
15,2,201502,"coordinate_exchange","base","large","small","many","many",4,"low",36,15,29,12,12,926.000000000002,65.9701173560958,NA
16,1,201601,"point_exchange","base","large","small","some","none",5,"high",2205,12,23,5,5,42.0000000000016,97.7665987513457,NA
16,1,201601,"coordinate_exchange","base","large","small","some","none",5,"high",2205,12,23,5,5,432.999999999993,97.7665987513457,NA
16,2,201602,"point_exchange","base","large","small","some","none",5,"high",2205,12,23,5,5,42.0000000000016,97.7665987513457,NA
16,2,201602,"coordinate_exchange","base","large","small","some","none",5,"high",2205,12,23,5,5,454.000000000008,97.7665987513457,NA
17,1,201701,"point_exchange","base","large","small","some","none",5,"low",45,12,23,12,12,23.0000000000103,97.7665987513457,NA
17,1,201701,"coordinate_exchange","base","large","small","some","none",5,"low",45,12,23,12,12,730.999999999995,97.7665987513457,NA
17,2,201702,"point_exchange","base","large","small","some","none",5,"low",45,12,23,12,12,19.999999999996,97.7665987513457,NA
17,2,201702,"coordinate_exchange","base","large","small","some","none",5,"low",45,12,23,12,12,724.999999999994,97.7665987513457,NA
18,1,201801,"point_exchange","base","large","small","some","none",3,"low",27,8,16,12,12,15.0000000000006,96.5816091338023,NA
18,1,201801,"coordinate_exchange","base","large","small","some","none",3,"low",27,8,16,12,12,436.999999999998,96.5816091338023,NA
18,2,201802,"point_exchange","base","large","small","some","none",3,"low",27,8,16,12,12,15.0000000000006,96.5816091338023,NA
18,2,201802,"coordinate_exchange","base","large","small","some","none",3,"low",27,8,16,12,12,450.000000000003,96.5816091338023,NA
19,1,201901,"point_exchange","base","large","small","some","none",4,"high",1764,10,19,5,5,28.9999999999964,97.3564319737199,NA
19,1,201901,"coordinate_exchange","base","large","small","some","none",4,"high",1764,10,19,5,5,160.000000000011,97.3564319737198,NA
19,2,201902,"point_exchange","base","large","small","some","none",4,"high",1764,10,19,5,5,34.9999999999966,97.3564319737198,NA
19,2,201902,"coordinate_exchange","base","large","small","some","none",4,"high",1764,10,19,5,5,159.000000000006,97.3564319737198,NA
20,1,202001,"point_exchange","base","large","small","some","none",4,"low",36,10,19,12,12,21.9999999999914,97.3564319737198,NA
20,1,202001,"coordinate_exchange","base","large","small","some","none",4,"low",36,10,19,12,12,761.00000000001,97.3564319737198,NA
20,2,202002,"point_exchange","base","large","small","some","none",4,"low",36,10,19,12,12,18.0000000000007,97.3564319737198,NA
20,2,202002,"coordinate_exchange","base","large","small","some","none",4,"low",36,10,19,12,12,766.000000000005,97.3564319737198,NA
21,1,202101,"point_exchange","base","large","small","some","some",5,"low",45,13,25,12,12,25.0000000000057,78.0662916539104,NA
21,1,202101,"coordinate_exchange","base","large","small","some","some",5,"low",45,13,25,12,12,756,78.0662916539104,NA
21,2,202102,"point_exchange","base","large","small","some","some",5,"low",45,13,25,12,12,21.9999999999914,78.0662916539104,NA
21,2,202102,"coordinate_exchange","base","large","small","some","some",5,"low",45,13,25,12,12,774.000000000001,78.0662916539104,NA
22,1,202201,"point_exchange","base","large","small","some","some",3,"high",1323,9,18,8,8,40.0000000000063,72.2697166516095,NA
22,1,202201,"coordinate_exchange","base","large","small","some","some",3,"high",1323,9,18,8,8,359.999999999999,72.2697166516095,NA
22,2,202202,"point_exchange","base","large","small","some","some",3,"high",1323,9,18,8,8,40.0000000000063,72.2697166516095,NA
22,2,202202,"coordinate_exchange","base","large","small","some","some",3,"high",1323,9,18,8,8,447.999999999993,72.2697166516095,NA
23,1,202301,"point_exchange","base","large","small","some","some",3,"low",27,9,18,12,12,18.0000000000007,72.2697166516095,NA
23,1,202301,"coordinate_exchange","base","large","small","some","some",3,"low",27,9,18,12,12,456.000000000003,72.2697166516095,NA
23,2,202302,"point_exchange","base","large","small","some","some",3,"low",27,9,18,12,12,17.0000000000101,72.2697166516095,NA
23,2,202302,"coordinate_exchange","base","large","small","some","some",3,"low",27,9,18,12,12,456.999999999994,72.2697166516095,NA
24,1,202401,"point_exchange","base","large","small","some","some",4,"high",1764,11,21,5,5,36.0000000000014,75.7447649340081,NA
24,1,202401,"coordinate_exchange","base","large","small","some","some",4,"high",1764,11,21,5,5,251.999999999995,75.7447649340081,NA
24,2,202402,"point_exchange","base","large","small","some","some",4,"high",1764,11,21,5,5,41.9999999999874,75.7447649340081,NA
24,2,202402,"coordinate_exchange","base","large","small","some","some",4,"high",1764,11,21,5,5,239.000000000004,75.7447649340081,NA
25,1,202501,"point_exchange","base","large","small","some","some",4,"low",36,11,21,12,12,18.9999999999912,75.7447649340081,NA
25,1,202501,"coordinate_exchange","base","large","small","some","some",4,"low",36,11,21,12,12,1243.00000000001,75.7447649340081,NA
25,2,202502,"point_exchange","base","large","small","some","some",4,"low",36,11,21,12,12,22.0000000000056,75.7447649340081,NA
25,2,202502,"coordinate_exchange","base","large","small","some","some",4,"low",36,11,21,12,12,1264,75.7447649340081,NA
26,1,202601,"point_exchange","base","large","small","some","many",5,"high",2205,14,27,5,5,66.0000000000025,67.0687686104879,NA
26,1,202601,"coordinate_exchange","base","large","small","some","many",5,"high",2205,14,27,5,5,593.999999999994,67.0203508609602,NA
26,2,202602,"point_exchange","base","large","small","some","many",5,"high",2205,14,27,5,5,75.0000000000028,67.0687686104879,NA
26,2,202602,"coordinate_exchange","base","large","small","some","many",5,"high",2205,14,27,5,5,595.999999999989,67.0203508609602,NA
27,1,202701,"point_exchange","base","large","small","some","many",3,"high",1323,10,19,8,8,45.9999999999923,60.2581295576004,NA
27,1,202701,"coordinate_exchange","base","large","small","some","many",3,"high",1323,10,19,8,8,559.000000000012,60.2581295576004,NA
27,2,202702,"point_exchange","base","large","small","some","many",3,"high",1323,10,19,8,8,46.999999999997,60.2581295576004,NA
27,2,202702,"coordinate_exchange","base","large","small","some","many",3,"high",1323,10,19,8,8,563.000000000002,60.2581295576004,NA
28,1,202801,"point_exchange","base","large","small","some","many",3,"low",27,10,19,12,12,18.0000000000007,60.2581295576004,NA
28,1,202801,"coordinate_exchange","base","large","small","some","many",3,"low",27,10,19,12,12,545.000000000002,60.2581295576004,NA
28,2,202802,"point_exchange","base","large","small","some","many",3,"low",27,10,19,12,12,18.0000000000007,60.2581295576004,NA
28,2,202802,"coordinate_exchange","base","large","small","some","many",3,"low",27,10,19,12,12,548.000000000002,60.2581295576004,NA
29,1,202901,"point_exchange","base","large","small","some","many",4,"high",1764,12,23,5,5,40.9999999999968,63.9995626046667,NA
29,1,202901,"coordinate_exchange","base","large","small","some","many",4,"high",1764,12,23,5,5,430.000000000007,63.9970330584314,NA
29,2,202902,"point_exchange","base","large","small","some","many",4,"high",1764,12,23,5,5,45.0000000000017,63.9995626046667,NA
29,2,202902,"coordinate_exchange","base","large","small","some","many",4,"high",1764,12,23,5,5,411.999999999992,63.9970330584314,NA
30,1,203001,"point_exchange","base","large","small","some","many",4,"low",36,12,23,12,12,21.0000000000008,63.9113980718327,NA
30,1,203001,"coordinate_exchange","base","large","small","some","many",4,"low",36,12,23,12,12,1491.99999999999,63.9113980718327,NA
30,2,203002,"point_exchange","base","large","small","some","many",4,"low",36,12,23,12,12,22.9999999999961,63.9113980718327,NA
30,2,203002,"coordinate_exchange","base","large","small","some","many",4,"low",36,12,23,12,12,1435,63.9113980718327,NA
31,1,203101,"point_exchange","base","large","small","none","none",5,"high",2205,7,15,5,5,30.0000000000011,96.690764394597,NA
31,1,203101,"coordinate_exchange","base","large","small","none","none",5,"high",2205,7,15,5,5,213.999999999999,96.690764394597,NA
31,2,203102,"point_exchange","base","large","small","none","none",5,"high",2205,7,15,5,5,28.0000000000058,96.690764394597,NA
31,2,203102,"coordinate_exchange","base","large","small","none","none",5,"high",2205,7,15,5,5,212.000000000003,96.690764394597,NA
32,1,203201,"point_exchange","base","large","small","none","none",5,"low",45,7,15,12,12,18.0000000000007,96.690764394597,NA
32,1,203201,"coordinate_exchange","base","large","small","none","none",5,"low",45,7,15,12,12,378,96.690764394597,NA
32,2,203202,"point_exchange","base","large","small","none","none",5,"low",45,7,15,12,12,15.0000000000006,96.6907643945971,NA
32,2,203202,"coordinate_exchange","base","large","small","none","none",5,"low",45,7,15,12,12,378,96.690764394597,NA
33,1,203301,"point_exchange","base","large","small","none","none",3,"high",1323,5,13,8,8,27.000000000001,98.9672331600786,NA
33,1,203301,"coordinate_exchange","base","large","small","none","none",3,"high",1323,5,13,8,8,241.99999999999,98.9672331600786,NA
33,2,203302,"point_exchange","base","large","small","none","none",3,"high",1323,5,13,8,8,27.000000000001,98.9672331600786,NA
33,2,203302,"coordinate_exchange","base","large","small","none","none",3,"high",1323,5,13,8,8,227.999999999994,98.9672331600786,NA
34,1,203401,"point_exchange","base","large","small","none","none",4,"high",1764,6,14,5,5,25.9999999999962,97.7129112386684,NA
34,1,203401,"coordinate_exchange","base","large","small","none","none",4,"high",1764,6,14,5,5,135.000000000005,97.7129112386684,NA
34,2,203402,"point_exchange","base","large","small","none","none",4,"high",1764,6,14,5,5,22.9999999999961,97.7129112386684,NA
34,2,203402,"coordinate_exchange","base","large","small","none","none",4,"high",1764,6,14,5,5,134,97.7129112386684,NA
35,1,203501,"point_exchange","base","large","small","none","none",4,"low",36,6,14,12,12,15.0000000000006,97.7129112386684,NA
35,1,203501,"coordinate_exchange","base","large","small","none","none",4,"low",36,6,14,12,12,277.000000000001,97.7129112386684,NA
35,2,203502,"point_exchange","base","large","small","none","none",4,"low",36,6,14,12,12,18.0000000000007,97.7129112386684,NA
35,2,203502,"coordinate_exchange","base","large","small","none","none",4,"low",36,6,14,12,12,275.000000000006,97.7129112386684,NA
36,1,203601,"point_exchange","base","large","small","none","some",5,"high",2205,8,16,5,5,31.9999999999965,77.1761200578137,NA
36,1,203601,"coordinate_exchange","base","large","small","none","some",5,"high",2205,8,16,5,5,185.999999999993,77.1761200578136,NA
36,2,203602,"point_exchange","base","large","small","none","some",5,"high",2205,8,16,5,5,30.0000000000011,77.1761200578136,NA
36,2,203602,"coordinate_exchange","base","large","small","none","some",5,"high",2205,8,16,5,5,188.999999999993,77.1761200578136,NA
37,1,203701,"point_exchange","base","large","small","none","some",5,"low",45,8,16,12,12,15.0000000000006,77.1665772367603,NA
37,1,203701,"coordinate_exchange","base","large","small","none","some",5,"low",45,8,16,12,12,462.999999999994,77.1665772367603,NA
37,2,203702,"point_exchange","base","large","small","none","some",5,"low",45,8,16,12,12,15.9999999999911,77.1665772367603,NA
37,2,203702,"coordinate_exchange","base","large","small","none","some",5,"low",45,8,16,12,12,533.000000000001,77.1665772367603,NA
38,1,203801,"point_exchange","base","large","small","none","some",3,"high",1323,6,14,8,8,33.0000000000013,71.038523321392,NA
38,1,203801,"coordinate_exchange","base","large","small","none","some",3,"high",1323,6,14,8,8,305.999999999997,71.038523321392,NA
38,2,203802,"point_exchange","base","large","small","none","some",3,"high",1323,6,14,8,8,28.9999999999964,71.038523321392,NA
38,2,203802,"coordinate_exchange","base","large","small","none","some",3,"high",1323,6,14,8,8,299.999999999997,71.038523321392,NA
39,1,203901,"point_exchange","base","large","small","none","some",3,"low",27,6,14,12,12,15.0000000000006,71.038523321392,NA
39,1,203901,"coordinate_exchange","base","large","small","none","some",3,"low",27,6,14,12,12,277.999999999992,71.038523321392,NA
39,2,203902,"point_exchange","base","large","small","none","some",3,"low",27,6,14,12,12,13.0000000000052,71.0385233213919,NA
39,2,203902,"coordinate_exchange","base","large","small","none","some",3,"low",27,6,14,12,12,275.999999999996,71.038523321392,NA
40,1,204001,"point_exchange","base","large","small","none","some",4,"high",1764,7,15,5,5,28.0000000000058,74.2973898248515,NA
40,1,204001,"coordinate_exchange","base","large","small","none","some",4,"high",1764,7,15,5,5,158.000000000001,74.3077301752697,NA
40,2,204002,"point_exchange","base","large","small","none","some",4,"high",1764,7,15,5,5,23.0000000000103,74.3077301752697,NA
40,2,204002,"coordinate_exchange","base","large","small","none","some",4,"high",1764,7,15,5,5,155.000000000001,74.3077301752697,NA
41,1,204101,"point_exchange","base","large","small","none","some",4,"low",36,7,15,12,12,15.0000000000006,74.2707453957266,NA
41,1,204101,"coordinate_exchange","base","large","small","none","some",4,"low",36,7,15,12,12,325.000000000003,74.2707453957266,NA
41,2,204102,"point_exchange","base","large","small","none","some",4,"low",36,7,15,12,12,15.0000000000006,74.2707453957266,NA
41,2,204102,"coordinate_exchange","base","large","small","none","some",4,"low",36,7,15,12,12,323.000000000008,74.2707453957266,NA
42,1,204201,"point_exchange","base","large","small","none","many",5,"high",2205,9,18,5,5,42.0000000000016,63.9022107008593,NA
42,1,204201,"coordinate_exchange","base","large","small","none","many",5,"high",2205,9,18,5,5,222.999999999999,63.8777604950459,NA
42,2,204202,"point_exchange","base","large","small","none","many",5,"high",2205,9,18,5,5,45.0000000000017,63.9022107008594,NA
42,2,204202,"coordinate_exchange","base","large","small","none","many",5,"high",2205,9,18,5,5,221.999999999994,63.8777604950459,NA
43,1,204301,"point_exchange","base","large","small","none","many",3,"low",27,7,15,12,12,13.0000000000052,56.0946235152688,NA
43,1,204301,"coordinate_exchange","base","large","small","none","many",3,"low",27,7,15,12,12,394.999999999996,56.0946235152689,NA
43,2,204302,"point_exchange","base","large","small","none","many",3,"low",27,7,15,12,12,12.0000000000005,56.0946235152689,NA
43,2,204302,"coordinate_exchange","base","large","small","none","many",3,"low",27,7,15,12,12,388.999999999996,56.0946235152689,NA
44,1,204401,"point_exchange","base","large","small","none","many",4,"low",36,8,16,12,12,15.0000000000006,59.9401517993086,NA
44,1,204401,"coordinate_exchange","base","large","small","none","many",4,"low",36,8,16,12,12,429.000000000002,59.9401517993085,NA
44,2,204402,"point_exchange","base","large","small","none","many",4,"low",36,8,16,12,12,16.9999999999959,59.9401517993085,NA
44,2,204402,"coordinate_exchange","base","large","small","none","many",4,"low",36,8,16,12,12,435.000000000002,59.9401517993085,NA
45,1,204501,"point_exchange","base","large","large","many","none",5,"high",11025,44,84,4,4,3035,95.9349609014303,NA
45,1,204501,"coordinate_exchange","base","large","large","many","none",5,"high",11025,44,84,4,4,3696,95.8383287834626,NA
45,2,204502,"point_exchange","base","large","large","many","none",5,"high",11025,44,84,4,4,3257,95.9349609014301,NA
45,2,204502,"coordinate_exchange","base","large","large","many","none",5,"high",11025,44,84,4,4,3724.99999999999,95.8383287834626,NA
46,1,204601,"point_exchange","base","large","large","many","none",3,"low",81,20,38,12,12,44.9999999999875,99.0164739618135,NA
46,1,204601,"coordinate_exchange","base","large","large","many","none",3,"low",81,20,38,12,12,2017,99.0148950161058,NA
46,2,204602,"point_exchange","base","large","large","many","none",3,"low",81,20,38,12,12,40.9999999999968,99.0164739618135,NA
46,2,204602,"coordinate_exchange","base","large","large","many","none",3,"low",81,20,38,12,12,1926.00000000002,99.0148950161058,NA
47,1,204701,"point_exchange","base","large","large","many","none",4,"low",144,31,59,12,12,104.99999999999,97.4560184815265,NA
47,1,204701,"coordinate_exchange","base","large","large","many","none",4,"low",144,31,59,12,12,3347.00000000001,97.4306957464947,NA
47,2,204702,"point_exchange","base","large","large","many","none",4,"low",144,31,59,12,12,102.99999999998,97.4560184815266,NA
47,2,204702,"coordinate_exchange","base","large","large","many","none",4,"low",144,31,59,12,12,3383.00000000001,97.4306957464947,NA
48,1,204801,"point_exchange","base","large","large","many","some",5,"low",225,45,86,12,12,293.999999999983,89.4874517311054,NA
48,1,204801,"coordinate_exchange","base","large","large","many","some",5,"low",225,45,86,12,12,9696,89.4736751340931,NA
48,2,204802,"point_exchange","base","large","large","many","some",5,"low",225,45,86,12,12,326.999999999998,89.475996504266,NA
48,2,204802,"coordinate_exchange","base","large","large","many","some",5,"low",225,45,86,12,12,9831.99999999999,89.4736751340931,NA
49,1,204901,"point_exchange","base","large","large","many","some",3,"high",3969,21,40,5,5,262,85.3507942837299,NA
49,1,204901,"coordinate_exchange","base","large","large","many","some",3,"high",3969,21,40,5,5,1384.00000000001,85.1875733490975,NA
49,2,204902,"point_exchange","base","large","large","many","some",3,"high",3969,21,40,5,5,213.999999999999,85.3507942837299,NA
49,2,204902,"coordinate_exchange","base","large","large","many","some",3,"high",3969,21,40,5,5,931.999999999988,85.1875733490975,NA
50,1,205001,"point_exchange","base","large","large","many","some",3,"low",81,21,40,12,12,50.9999999999877,85.3507942837299,NA
50,1,205001,"coordinate_exchange","base","large","large","many","some",3,"low",81,21,40,12,12,2369,85.3507942837299,NA
50,2,205002,"point_exchange","base","large","large","many","some",3,"low",81,21,40,12,12,56.0000000000116,85.3507942837299,NA
50,2,205002,"coordinate_exchange","base","large","large","many","some",3,"low",81,21,40,12,12,2460.99999999998,85.3507942837299,NA
51,1,205101,"point_exchange","base","large","large","many","some",4,"high",7056,32,61,4,4,1041,88.3581016176925,NA
51,1,205101,"coordinate_exchange","base","large","large","many","some",4,"high",7056,32,61,4,4,2210.00000000001,88.3397502410763,NA
51,2,205102,"point_exchange","base","large","large","many","some",4,"high",7056,32,61,4,4,1167,88.3563338962469,NA
51,2,205102,"coordinate_exchange","base","large","large","many","some",4,"high",7056,32,61,4,4,2204.00000000001,88.3397502410763,NA
52,1,205201,"point_exchange","base","large","large","many","some",4,"low",144,32,61,12,12,72.0000000000027,88.277895068303,NA
52,1,205201,"coordinate_exchange","base","large","large","many","some",4,"low",144,32,61,12,12,3929,88.2769242911361,NA
52,2,205202,"point_exchange","base","large","large","many","some",4,"low",144,32,61,12,12,90.9999999999798,88.277895068303,NA
52,2,205202,"coordinate_exchange","base","large","large","many","some",4,"low",144,32,61,12,12,4038.00000000001,88.2769242911361,NA
53,1,205301,"point_exchange","base","large","large","many","many",5,"high",11025,46,88,4,4,5977,83.1505888535644,NA
53,1,205301,"coordinate_exchange","base","large","large","many","many",5,"high",11025,46,88,4,4,3415.00000000002,83.0876321660058,NA
53,2,205302,"point_exchange","base","large","large","many","many",5,"high",11025,46,88,4,4,5523.00000000002,83.2524401886695,NA
53,2,205302,"coordinate_exchange","base","large","large","many","many",5,"high",11025,46,88,4,4,3426.99999999999,83.0876321660058,NA
54,1,205401,"point_exchange","base","large","large","many","many",5,"low",225,46,88,12,12,280.999999999977,83.1541620041387,NA
54,1,205401,"coordinate_exchange","base","large","large","many","many",5,"low",225,46,88,12,12,10542,83.1767458590559,NA
54,2,205402,"point_exchange","base","large","large","many","many",5,"low",225,46,88,12,12,307.999999999993,83.135702179584,NA
54,2,205402,"coordinate_exchange","base","large","large","many","many",5,"low",225,46,88,12,12,10328,83.1767458590559,NA
55,1,205501,"point_exchange","base","large","large","many","many",3,"high",3969,22,42,5,5,262,74.9561185177932,NA
55,1,205501,"coordinate_exchange","base","large","large","many","many",3,"high",3969,22,42,5,5,1377.99999999999,74.6312062757341,NA
55,2,205502,"point_exchange","base","large","large","many","many",3,"high",3969,22,42,5,5,258.00000000001,74.9561185177932,NA
55,2,205502,"coordinate_exchange","base","large","large","many","many",3,"high",3969,22,42,5,5,1301.99999999999,74.6312062757341,NA
56,1,205601,"point_exchange","base","large","large","many","many",3,"low",81,22,42,12,12,33.9999999999918,74.8676251045605,NA
56,1,205601,"coordinate_exchange","base","large","large","many","many",3,"low",81,22,42,12,12,2578,74.8676251045605,NA
56,2,205602,"point_exchange","base","large","large","many","many",3,"low",81,22,42,12,12,34.9999999999966,74.8676251045606,NA
56,2,205602,"coordinate_exchange","base","large","large","many","many",3,"low",81,22,42,12,12,2555.00000000001,74.8676251045605,NA
57,1,205701,"point_exchange","base","large","large","many","many",4,"high",7056,33,63,4,4,1166,79.7930451712947,NA
57,1,205701,"coordinate_exchange","base","large","large","many","many",4,"high",7056,33,63,4,4,1420.99999999999,79.7466517778161,NA
57,2,205702,"point_exchange","base","large","large","many","many",4,"high",7056,33,63,4,4,1309,79.7701476879212,NA
57,2,205702,"coordinate_exchange","base","large","large","many","many",4,"high",7056,33,63,4,4,1408.99999999999,79.7466517778161,NA
58,1,205801,"point_exchange","base","large","large","many","many",4,"low",144,33,63,12,12,108.99999999998,79.6827368382549,NA
58,1,205801,"coordinate_exchange","base","large","large","many","many",4,"low",144,33,63,12,12,6286,79.6906369674137,NA
58,2,205802,"point_exchange","base","large","large","many","many",4,"low",144,33,63,12,12,98.0000000000132,79.7012127654255,NA
58,2,205802,"coordinate_exchange","base","large","large","many","many",4,"low",144,33,63,12,12,6245,79.6906369674137,NA
59,1,205901,"point_exchange","base","large","large","some","none",5,"high",11025,36,69,4,4,2557.99999999999,94.558413657283,NA
59,1,205901,"coordinate_exchange","base","large","large","some","none",5,"high",11025,36,69,4,4,3081.00000000002,94.5507452050818,NA
59,2,205902,"point_exchange","base","large","large","some","none",5,"high",11025,36,69,4,4,2447.99999999998,94.5580652574276,NA
59,2,205902,"coordinate_exchange","base","large","large","some","none",5,"high",11025,36,69,4,4,3125,94.5507452050818,NA
60,1,206001,"point_exchange","base","large","large","some","none",3,"high",3969,16,31,5,5,117.000000000019,96.3031274893298,NA
60,1,206001,"coordinate_exchange","base","large","large","some","none",3,"high",3969,16,31,5,5,570.99999999997,96.3031274893298,NA
60,2,206002,"point_exchange","base","large","large","some","none",3,"high",3969,16,31,5,5,125.999999999976,96.3031274893297,NA
60,2,206002,"coordinate_exchange","base","large","large","some","none",3,"high",3969,16,31,5,5,567.999999999984,96.3031274893298,NA
61,1,206101,"point_exchange","base","large","large","some","none",3,"low",81,16,31,12,12,36.0000000000014,96.3031274893297,NA
61,1,206101,"coordinate_exchange","base","large","large","some","none",3,"low",81,16,31,12,12,1598.00000000001,96.3031274893298,NA
61,2,206102,"point_exchange","base","large","large","some","none",3,"low",81,16,31,12,12,38.0000000000109,96.3031274893298,NA
61,2,206102,"coordinate_exchange","base","large","large","some","none",3,"low",81,16,31,12,12,1534.99999999997,96.3031274893298,NA
62,1,206201,"point_exchange","base","large","large","some","none",4,"high",7056,25,48,4,4,442.999999999984,94.8469134213182,NA
62,1,206201,"coordinate_exchange","base","large","large","some","none",4,"high",7056,25,48,4,4,1185,94.8637953600524,NA
62,2,206202,"point_exchange","base","large","large","some","none",4,"high",7056,25,48,4,4,435.999999999979,94.8637953600524,NA
62,2,206202,"coordinate_exchange","base","large","large","some","none",4,"high",7056,25,48,4,4,1196.00000000003,94.8637953600524,NA
63,1,206301,"point_exchange","base","large","large","some","none",4,"low",144,25,48,12,12,48.0000000000018,94.8469134213183,NA
63,1,206301,"coordinate_exchange","base","large","large","some","none",4,"low",144,25,48,12,12,4066.00000000003,94.8637953600524,NA
63,2,206302,"point_exchange","base","large","large","some","none",4,"low",144,25,48,12,12,45.0000000000159,94.8469134213183,NA
63,2,206302,"coordinate_exchange","base","large","large","some","none",4,"low",144,25,48,12,12,4029.99999999997,94.8637953600524,NA
64,1,206401,"point_exchange","base","large","large","some","some",5,"high",11025,37,71,4,4,2783.00000000002,87.9542290414931,NA
64,1,206401,"coordinate_exchange","base","large","large","some","some",5,"high",11025,37,71,4,4,3396.00000000002,33.3336066999047,NA
64,2,206402,"point_exchange","base","large","large","some","some",5,"high",11025,37,71,4,4,2651.00000000001,87.9599295369591,NA
64,2,206402,"coordinate_exchange","base","large","large","some","some",5,"high",11025,37,71,4,4,3367.00000000002,33.3336066999047,NA
65,1,206501,"point_exchange","base","large","large","some","some",5,"low",225,37,71,12,12,187.000000000012,87.9590013684783,NA
65,1,206501,"coordinate_exchange","base","large","large","some","some",5,"low",225,37,71,12,12,11553,87.8408698457291,NA
65,2,206502,"point_exchange","base","large","large","some","some",5,"low",225,37,71,12,12,182.000000000016,87.9530326195206,NA
65,2,206502,"coordinate_exchange","base","large","large","some","some",5,"low",225,37,71,12,12,11418,87.8408698457291,NA
66,1,206601,"point_exchange","base","large","large","some","some",3,"low",81,17,33,12,12,20.9999999999582,82.8557077126824,NA
66,1,206601,"coordinate_exchange","base","large","large","some","some",3,"low",81,17,33,12,12,2841.00000000001,82.8365382443882,NA
66,2,206602,"point_exchange","base","large","large","some","some",3,"low",81,17,33,12,12,26.9999999999868,82.8557077126824,NA
66,2,206602,"coordinate_exchange","base","large","large","some","some",3,"low",81,17,33,12,12,2930.00000000001,82.8365382443882,NA
67,1,206701,"point_exchange","base","large","large","some","some",4,"high",7056,26,50,4,4,617.999999999995,86.2426601855201,NA
67,1,206701,"coordinate_exchange","base","large","large","some","some",4,"high",7056,26,50,4,4,2031.00000000001,86.1388833067142,NA
67,2,206702,"point_exchange","base","large","large","some","some",4,"high",7056,26,50,4,4,579.000000000008,86.2426601855201,NA
67,2,206702,"coordinate_exchange","base","large","large","some","some",4,"high",7056,26,50,4,4,2019.00000000001,86.1388833067142,NA
68,1,206801,"point_exchange","base","large","large","some","some",4,"low",144,26,50,12,12,45.9999999999923,86.2491899686381,NA
68,1,206801,"coordinate_exchange","base","large","large","some","some",4,"low",144,26,50,12,12,6467.99999999996,86.1348838940815,NA
68,2,206802,"point_exchange","base","large","large","some","some",4,"low",144,26,50,12,12,45.9999999999923,86.1551634181223,NA
68,2,206802,"coordinate_exchange","base","large","large","some","some",4,"low",144,26,50,12,12,6927.00000000002,86.1348838940815,NA
69,1,206901,"point_exchange","base","large","large","some","many",5,"low",225,38,73,12,12,276.00000000001,81.8965360588767,NA
69,1,206901,"coordinate_exchange","base","large","large","some","many",5,"low",225,38,73,12,12,12789,81.3675828750141,NA
69,2,206902,"point_exchange","base","large","large","some","many",5,"low",225,38,73,12,12,252.999999999986,81.9067416519502,NA
69,2,206902,"coordinate_exchange","base","large","large","some","many",5,"low",225,38,73,12,12,12720,81.3675828750141,NA
70,1,207001,"point_exchange","base","large","large","some","many",3,"high",3969,18,35,5,5,218.000000000018,71.5172726738006,NA
70,1,207001,"coordinate_exchange","base","large","large","some","many",3,"high",3969,18,35,5,5,1062.00000000001,71.4692940446132,NA
70,2,207002,"point_exchange","base","large","large","some","many",3,"high",3969,18,35,5,5,273.000000000025,71.6294522744532,NA
70,2,207002,"coordinate_exchange","base","large","large","some","many",3,"high",3969,18,35,5,5,1014.99999999999,71.4692940446132,NA
71,1,207101,"point_exchange","base","large","large","some","many",3,"low",81,18,35,12,12,16.9999999999959,71.4696679188958,NA
71,1,207101,"coordinate_exchange","base","large","large","some","many",3,"low",81,18,35,12,12,3428,71.4548870145777,NA
71,2,207102,"point_exchange","base","large","large","some","many",3,"low",81,18,35,12,12,24.9999999999773,71.4832425770567,NA
71,2,207102,"coordinate_exchange","base","large","large","some","many",3,"low",81,18,35,12,12,3447,71.4548870145777,NA
72,1,207201,"point_exchange","base","large","large","some","many",4,"high",7056,27,52,4,4,923.000000000002,77.8059388771758,NA
72,1,207201,"coordinate_exchange","base","large","large","some","many",4,"high",7056,27,52,4,4,2725.00000000002,77.7814357940021,NA
72,2,207202,"point_exchange","base","large","large","some","many",4,"high",7056,27,52,4,4,927.000000000021,77.7574770268076,NA
72,2,207202,"coordinate_exchange","base","large","large","some","many",4,"high",7056,27,52,4,4,2768.00000000003,77.7814357940021,NA
73,1,207301,"point_exchange","base","large","large","some","many",4,"low",144,27,52,12,12,70.9999999999695,77.7484221054434,NA
73,1,207301,"coordinate_exchange","base","large","large","some","many",4,"low",144,27,52,12,12,6639.00000000001,77.619859527363,NA
73,2,207302,"point_exchange","base","large","large","some","many",4,"low",144,27,52,12,12,81.0000000000173,77.7314208011761,NA
73,2,207302,"coordinate_exchange","base","large","large","some","many",4,"low",144,27,52,12,12,6516.00000000002,77.619859527363,NA
74,1,207401,"point_exchange","base","large","large","none","none",5,"high",11025,11,21,4,4,154.999999999973,97.539237922719,NA
74,1,207401,"coordinate_exchange","base","large","large","none","none",5,"high",11025,11,21,4,4,367.000000000019,97.539237922719,NA
74,2,207402,"point_exchange","base","large","large","none","none",5,"high",11025,11,21,4,4,161.000000000001,97.539237922719,NA
74,2,207402,"coordinate_exchange","base","large","large","none","none",5,"high",11025,11,21,4,4,361.000000000047,97.539237922719,NA
75,1,207501,"point_exchange","base","large","large","none","none",5,"low",225,11,21,12,12,28.00000000002,97.539237922719,NA
75,1,207501,"coordinate_exchange","base","large","large","none","none",5,"low",225,11,21,12,12,1287.00000000003,97.539237922719,NA
75,2,207502,"point_exchange","base","large","large","none","none",5,"low",225,11,21,12,12,29.9999999999727,97.539237922719,NA
75,2,207502,"coordinate_exchange","base","large","large","none","none",5,"low",225,11,21,12,12,1295.00000000002,97.539237922719,NA
76,1,207601,"point_exchange","base","large","large","none","none",3,"low",81,7,15,12,12,19.0000000000055,97.6655692961632,NA
76,1,207601,"coordinate_exchange","base","large","large","none","none",3,"low",81,7,15,12,12,649.999999999977,97.6655692961632,NA
76,2,207602,"point_exchange","base","large","large","none","none",3,"low",81,7,15,12,12,17.9999999999723,97.6655692961632,NA
76,2,207602,"coordinate_exchange","base","large","large","none","none",3,"low",81,7,15,12,12,562.000000000012,97.6655692961632,NA
77,1,207701,"point_exchange","base","large","large","none","none",4,"high",7056,9,18,4,4,77.9999999999745,98.1389313802882,NA
77,1,207701,"coordinate_exchange","base","large","large","none","none",4,"high",7056,9,18,4,4,304.00000000003,98.1389313802882,NA
77,2,207702,"point_exchange","base","large","large","none","none",4,"high",7056,9,18,4,4,84.9999999999795,98.1389313802882,NA
77,2,207702,"coordinate_exchange","base","large","large","none","none",4,"high",7056,9,18,4,4,303.000000000054,98.1389313802882,NA
78,1,207801,"point_exchange","base","large","large","none","none",4,"low",144,9,18,12,12,23.0000000000246,98.1389313802882,NA
78,1,207801,"coordinate_exchange","base","large","large","none","none",4,"low",144,9,18,12,12,824.999999999989,98.1389313802882,NA
78,2,207802,"point_exchange","base","large","large","none","none",4,"low",144,9,18,12,12,25.9999999999536,98.1389313802882,NA
78,2,207802,"coordinate_exchange","base","large","large","none","none",4,"low",144,9,18,12,12,843.999999999994,98.1389313802882,NA
79,1,207901,"point_exchange","base","large","large","none","some",5,"high",11025,12,23,4,4,252.999999999986,82.8247333297223,NA
79,1,207901,"coordinate_exchange","base","large","large","none","some",5,"high",11025,12,23,4,4,570.99999999997,82.8015411163425,NA
79,2,207902,"point_exchange","base","large","large","none","some",5,"high",11025,12,23,4,4,259.999999999991,82.8196665509156,NA
79,2,207902,"coordinate_exchange","base","large","large","none","some",5,"high",11025,12,23,4,4,562.000000000012,82.8015411163425,NA
80,1,208001,"point_exchange","base","large","large","none","some",5,"low",225,12,23,12,12,21.9999999999914,82.8518593267004,NA
80,1,208001,"coordinate_exchange","base","large","large","none","some",5,"low",225,12,23,12,12,1456.99999999999,82.667528399477,NA
80,2,208002,"point_exchange","base","large","large","none","some",5,"low",225,12,23,12,12,21.000000000015,82.8518593267004,NA
80,2,208002,"coordinate_exchange","base","large","large","none","some",5,"low",225,12,23,12,12,1473.00000000001,82.667528399477,NA
81,1,208101,"point_exchange","base","large","large","none","some",3,"high",3969,8,16,5,5,66.9999999999504,76.8661099949808,NA
81,1,208101,"coordinate_exchange","base","large","large","none","some",3,"high",3969,8,16,5,5,378.000000000043,76.8568917503156,NA
81,2,208102,"point_exchange","base","large","large","none","some",3,"high",3969,8,16,5,5,62.0000000000118,76.859317203433,NA
81,2,208102,"coordinate_exchange","base","large","large","none","some",3,"high",3969,8,16,5,5,370.000000000005,76.8568917503156,NA
82,1,208201,"point_exchange","base","large","large","none","some",3,"low",81,8,16,12,12,20.0000000000387,76.7538390834865,NA
82,1,208201,"coordinate_exchange","base","large","large","none","some",3,"low",81,8,16,12,12,794.999999999959,76.7538390834865,NA
82,2,208202,"point_exchange","base","large","large","none","some",3,"low",81,8,16,12,12,21.000000000015,76.7538390834865,NA
82,2,208202,"coordinate_exchange","base","large","large","none","some",3,"low",81,8,16,12,12,743.999999999971,76.7538390834865,NA
83,1,208301,"point_exchange","base","large","large","none","some",4,"high",7056,10,19,4,4,116.999999999962,80.1032329217781,NA
83,1,208301,"coordinate_exchange","base","large","large","none","some",4,"high",7056,10,19,4,4,503.000000000043,80.0669706452405,NA
83,2,208302,"point_exchange","base","large","large","none","some",4,"high",7056,10,19,4,4,107.000000000028,80.1246442796969,NA
83,2,208302,"coordinate_exchange","base","large","large","none","some",4,"high",7056,10,19,4,4,517.999999999972,80.0669706452405,NA
84,1,208401,"point_exchange","base","large","large","none","some",4,"low",144,10,19,12,12,21.000000000015,80.1024032459554,NA
84,1,208401,"coordinate_exchange","base","large","large","none","some",4,"low",144,10,19,12,12,1002.99999999999,80.1024032459554,NA
84,2,208402,"point_exchange","base","large","large","none","some",4,"low",144,10,19,12,12,15.0000000000432,80.1024032459554,NA
84,2,208402,"coordinate_exchange","base","large","large","none","some",4,"low",144,10,19,12,12,1022.99999999997,80.1024032459554,NA
85,1,208501,"point_exchange","base","large","large","none","many",5,"low",225,13,25,12,12,24.9999999999773,72.6609934514066,NA
85,1,208501,"coordinate_exchange","base","large","large","none","many",5,"low",225,13,25,12,12,1557.99999999999,72.6491340262207,NA
85,2,208502,"point_exchange","base","large","large","none","many",5,"low",225,13,25,12,12,26.0000000000105,72.6929145779333,NA
85,2,208502,"coordinate_exchange","base","large","large","none","many",5,"low",225,13,25,12,12,1674.99999999995,72.6491340262207,NA
86,1,208601,"point_exchange","base","large","large","none","many",3,"high",3969,9,18,5,5,82.99999999997,64.6594897030778,NA
86,1,208601,"coordinate_exchange","base","large","large","none","many",3,"high",3969,9,18,5,5,496.000000000038,64.6659894594334,NA
86,2,208602,"point_exchange","base","large","large","none","many",3,"high",3969,9,18,5,5,79.0000000000077,65.4199597676704,NA
86,2,208602,"coordinate_exchange","base","large","large","none","many",3,"high",3969,9,18,5,5,519.000000000005,64.6659894594334,NA
87,1,208701,"point_exchange","base","large","large","none","many",4,"high",7056,11,21,4,4,165.999999999997,68.5831422471097,NA
87,1,208701,"coordinate_exchange","base","large","large","none","many",4,"high",7056,11,21,4,4,824.000000000012,68.415254576938,NA
87,2,208702,"point_exchange","base","large","large","none","many",4,"high",7056,11,21,4,4,163.000000000011,68.6080636140518,NA
87,2,208702,"coordinate_exchange","base","large","large","none","many",4,"high",7056,11,21,4,4,831.000000000017,68.415254576938,NA
88,1,208801,"point_exchange","base","small","small","many","none",5,"high",2205,16,20,8,8,65.9999999999741,100,NA
88,1,208801,"coordinate_exchange","base","small","small","many","none",5,"high",2205,16,20,8,8,499.000000000024,100,NA
88,2,208802,"point_exchange","base","small","small","many","none",5,"high",2205,16,20,8,8,64.9999999999977,100,NA
88,2,208802,"coordinate_exchange","base","small","small","many","none",5,"high",2205,16,20,8,8,516.00000000002,100,NA
89,1,208901,"point_exchange","base","small","small","many","none",5,"low",45,16,20,18,18,30.9999999999491,100,NA
89,1,208901,"coordinate_exchange","base","small","small","many","none",5,"low",45,16,20,18,18,1583.00000000003,100,NA
89,2,208902,"point_exchange","base","small","small","many","none",5,"low",45,16,20,18,18,38.0000000000109,100,NA
89,2,208902,"coordinate_exchange","base","small","small","many","none",5,"low",45,16,20,18,18,1714,100,NA
90,1,209001,"point_exchange","base","small","small","many","none",3,"high",1323,10,13,12,12,50.0000000000114,98.075840170537,NA
90,1,209001,"coordinate_exchange","base","small","small","many","none",3,"high",1323,10,13,12,12,692.000000000007,98.075840170537,NA
90,2,209002,"point_exchange","base","small","small","many","none",3,"high",1323,10,13,12,12,37.0000000000346,98.0758401705369,NA
90,2,209002,"coordinate_exchange","base","small","small","many","none",3,"high",1323,10,13,12,12,687.999999999988,98.075840170537,NA
91,1,209101,"point_exchange","base","small","small","many","none",4,"low",36,13,17,18,18,24.0000000000009,98.5232208207258,NA
91,1,209101,"coordinate_exchange","base","small","small","many","none",4,"low",36,13,17,18,18,1841.99999999998,98.5232208207258,NA
91,2,209102,"point_exchange","base","small","small","many","none",4,"low",36,13,17,18,18,26.0000000000105,98.5232208207258,NA
91,2,209102,"coordinate_exchange","base","small","small","many","none",4,"low",36,13,17,18,18,1857.00000000003,98.5232208207258,NA
92,1,209201,"point_exchange","base","small","small","many","some",5,"high",2205,17,22,8,8,90.0000000000318,81.3096505901693,NA
92,1,209201,"coordinate_exchange","base","small","small","many","some",5,"high",2205,17,22,8,8,1339,81.3096505901693,NA
92,2,209202,"point_exchange","base","small","small","many","some",5,"high",2205,17,22,8,8,76.0000000000218,81.3096505901693,NA
92,2,209202,"coordinate_exchange","base","small","small","many","some",5,"high",2205,17,22,8,8,1507,81.3096505901693,NA
93,1,209301,"point_exchange","base","small","small","many","some",3,"high",1323,11,14,12,12,41.9999999999732,75.5649647139447,NA
93,1,209301,"coordinate_exchange","base","small","small","many","some",3,"high",1323,11,14,12,12,768.000000000029,75.5649647139447,NA
93,2,209302,"point_exchange","base","small","small","many","some",3,"high",1323,11,14,12,12,48.9999999999782,75.5649647139447,NA
93,2,209302,"coordinate_exchange","base","small","small","many","some",3,"high",1323,11,14,12,12,717.000000000041,75.5649647139447,NA
94,1,209401,"point_exchange","base","small","small","many","some",3,"low",27,11,14,18,18,22.9999999999677,75.5649647139447,NA
94,1,209401,"coordinate_exchange","base","small","small","many","some",3,"low",27,11,14,18,18,1317.99999999998,75.5649647139447,NA
94,2,209402,"point_exchange","base","small","small","many","some",3,"low",27,11,14,18,18,21.000000000015,75.5649647139447,NA
94,2,209402,"coordinate_exchange","base","small","small","many","some",3,"low",27,11,14,18,18,1295.99999999999,75.5649647139447,NA
95,1,209501,"point_exchange","base","small","small","many","some",4,"high",1764,14,18,8,8,49.9999999999545,78.8712996042789,NA
95,1,209501,"coordinate_exchange","base","small","small","many","some",4,"high",1764,14,18,8,8,681.00000000004,78.8712996042789,NA
95,2,209502,"point_exchange","base","small","small","many","some",4,"high",1764,14,18,8,8,50.9999999999877,78.8712996042789,NA
95,2,209502,"coordinate_exchange","base","small","small","many","some",4,"high",1764,14,18,8,8,682.000000000016,78.8712996042789,NA
96,1,209601,"point_exchange","base","small","small","many","some",4,"low",36,14,18,18,18,26.0000000000105,78.871299604279,NA
96,1,209601,"coordinate_exchange","base","small","small","many","some",4,"low",36,14,18,18,18,1875.99999999998,78.8712996042789,NA
96,2,209602,"point_exchange","base","small","small","many","some",4,"low",36,14,18,18,18,28.9999999999964,78.8712996042789,NA
96,2,209602,"coordinate_exchange","base","small","small","many","some",4,"low",36,14,18,18,18,1915.00000000002,78.8712996042789,NA
97,1,209701,"point_exchange","base","small","small","many","many",5,"high",2205,18,23,8,8,113.999999999976,69.0621071549502,NA
97,1,209701,"coordinate_exchange","base","small","small","many","many",5,"high",2205,18,23,8,8,1114.00000000003,68.5645144678497,NA
97,2,209702,"point_exchange","base","small","small","many","many",5,"high",2205,18,23,8,8,127.00000000001,69.0621071549502,NA
97,2,209702,"coordinate_exchange","base","small","small","many","many",5,"high",2205,18,23,8,8,1093.00000000002,68.5645144678497,NA
98,1,209801,"point_exchange","base","small","small","many","many",5,"low",45,18,23,18,18,31.9999999999823,68.4591990061731,NA
98,1,209801,"coordinate_exchange","base","small","small","many","many",5,"low",45,18,23,18,18,2094.00000000005,68.4591990061731,NA
98,2,209802,"point_exchange","base","small","small","many","many",5,"low",45,18,23,18,18,26.0000000000105,68.4591990061731,NA
98,2,209802,"coordinate_exchange","base","small","small","many","many",5,"low",45,18,23,18,18,2178.99999999997,68.4591990061731,NA
99,1,209901,"point_exchange","base","small","small","many","many",3,"high",1323,12,15,12,12,62.9999999999882,61.132899509531,NA
99,1,209901,"coordinate_exchange","base","small","small","many","many",3,"high",1323,12,15,12,12,1113.99999999998,61.132899509531,NA
99,2,209902,"point_exchange","base","small","small","many","many",3,"high",1323,12,15,12,12,61.999999999955,61.132899509531,NA
99,2,209902,"coordinate_exchange","base","small","small","many","many",3,"high",1323,12,15,12,12,1094.00000000005,61.132899509531,NA
100,1,210001,"point_exchange","base","small","small","many","many",3,"low",27,12,15,18,18,24.9999999999773,60.2029233166548,NA
100,1,210001,"coordinate_exchange","base","small","small","many","many",3,"low",27,12,15,18,18,1644.00000000001,60.2029233166547,NA
100,2,210002,"point_exchange","base","small","small","many","many",3,"low",27,12,15,18,18,20.9999999999582,60.2029233166548,NA
100,2,210002,"coordinate_exchange","base","small","small","many","many",3,"low",27,12,15,18,18,1735.00000000001,60.2029233166547,NA
101,1,210101,"point_exchange","base","small","small","many","many",4,"high",1764,15,19,8,8,86.0000000000127,65.6302861173302,NA
101,1,210101,"coordinate_exchange","base","small","small","many","many",4,"high",1764,15,19,8,8,870.999999999981,64.9709551681537,NA
101,2,210102,"point_exchange","base","small","small","many","many",4,"high",1764,15,19,8,8,84.0000000000032,65.6302861173302,NA
101,2,210102,"coordinate_exchange","base","small","small","many","many",4,"high",1764,15,19,8,8,838.999999999999,64.9709551681537,NA
102,1,210201,"point_exchange","base","small","small","many","many",4,"low",36,15,19,18,18,27.0000000000437,64.9091589313638,NA
102,1,210201,"coordinate_exchange","base","small","small","many","many",4,"low",36,15,19,18,18,2231.99999999997,64.9091589313638,NA
102,2,210202,"point_exchange","base","small","small","many","many",4,"low",36,15,19,18,18,28.00000000002,64.9091589313638,NA
102,2,210202,"coordinate_exchange","base","small","small","many","many",4,"low",36,15,19,18,18,2192.00000000001,64.9091589313638,NA
103,1,210301,"point_exchange","base","small","small","some","none",5,"high",2205,12,15,8,8,47.0000000000255,88.6871111342158,NA
103,1,210301,"coordinate_exchange","base","small","small","some","none",5,"high",2205,12,15,8,8,789.999999999964,88.6871111342159,NA
103,2,210302,"point_exchange","base","small","small","some","none",5,"high",2205,12,15,8,8,43.9999999999827,88.6871111342158,NA
103,2,210302,"coordinate_exchange","base","small","small","some","none",5,"high",2205,12,15,8,8,826.999999999998,88.6871111342159,NA
104,1,210401,"point_exchange","base","small","small","some","none",3,"high",1323,8,10,12,12,28.9999999999964,91.1802822781911,NA
104,1,210401,"coordinate_exchange","base","small","small","some","none",3,"high",1323,8,10,12,12,281.000000000006,91.1802822781911,NA
104,2,210402,"point_exchange","base","small","small","some","none",3,"high",1323,8,10,12,12,28.9999999999964,91.1802822781911,NA
104,2,210402,"coordinate_exchange","base","small","small","some","none",3,"high",1323,8,10,12,12,262.999999999977,91.1802822781911,NA
105,1,210501,"point_exchange","base","small","small","some","none",3,"low",27,8,10,18,18,18.0000000000291,91.1802822781911,NA
105,1,210501,"coordinate_exchange","base","small","small","some","none",3,"low",27,8,10,18,18,557.999999999993,91.1802822781911,NA
105,2,210502,"point_exchange","base","small","small","some","none",3,"low",27,8,10,18,18,16.0000000000196,91.1802822781911,NA
105,2,210502,"coordinate_exchange","base","small","small","some","none",3,"low",27,8,10,18,18,552.999999999997,91.1802822781911,NA
106,1,210601,"point_exchange","base","small","small","some","none",4,"high",1764,10,13,8,8,31.9999999999823,90.6297450790577,NA
106,1,210601,"coordinate_exchange","base","small","small","some","none",4,"high",1764,10,13,8,8,403.999999999996,90.6297450790578,NA
106,2,210602,"point_exchange","base","small","small","some","none",4,"high",1764,10,13,8,8,32.0000000000391,90.6297450790578,NA
106,2,210602,"coordinate_exchange","base","small","small","some","none",4,"high",1764,10,13,8,8,495.000000000005,90.6297450790578,NA
107,1,210701,"point_exchange","base","small","small","some","none",4,"low",36,10,13,18,18,19.0000000000055,90.6297450790578,NA
107,1,210701,"coordinate_exchange","base","small","small","some","none",4,"low",36,10,13,18,18,1023.00000000002,90.6297450790577,NA
107,2,210702,"point_exchange","base","small","small","some","none",4,"low",36,10,13,18,18,19.0000000000055,90.6297450790577,NA
107,2,210702,"coordinate_exchange","base","small","small","some","none",4,"low",36,10,13,18,18,1019.99999999998,90.6297450790577,NA
108,1,210801,"point_exchange","base","small","small","some","some",5,"high",2205,13,17,8,8,78.9999999999509,72.1949929013891,NA
108,1,210801,"coordinate_exchange","base","small","small","some","some",5,"high",2205,13,17,8,8,547.000000000025,72.1933377423532,NA
108,2,210802,"point_exchange","base","small","small","some","some",5,"high",2205,13,17,8,8,74.9999999999886,72.1949929013891,NA
108,2,210802,"coordinate_exchange","base","small","small","some","some",5,"high",2205,13,17,8,8,538.000000000011,72.1933377423532,NA
109,1,210901,"point_exchange","base","small","small","some","some",5,"low",45,13,17,18,18,24.9999999999773,72.1949929013891,NA
109,1,210901,"coordinate_exchange","base","small","small","some","some",5,"low",45,13,17,18,18,1227.00000000003,72.1949929013891,NA
109,2,210902,"point_exchange","base","small","small","some","some",5,"low",45,13,17,18,18,24.0000000000009,72.1949929013891,NA
109,2,210902,"coordinate_exchange","base","small","small","some","some",5,"low",45,13,17,18,18,1247.00000000001,72.1949929013891,NA
110,1,211001,"point_exchange","base","small","small","some","some",3,"high",1323,9,12,12,12,45.9999999999923,69.4414919381573,NA
110,1,211001,"coordinate_exchange","base","small","small","some","some",3,"high",1323,9,12,12,12,372.000000000014,69.4414919381573,NA
110,2,211002,"point_exchange","base","small","small","some","some",3,"high",1323,9,12,12,12,43.0000000000064,69.4414919381573,NA
110,2,211002,"coordinate_exchange","base","small","small","some","some",3,"high",1323,9,12,12,12,372.99999999999,69.4414919381573,NA
111,1,211101,"point_exchange","base","small","small","some","some",4,"high",1764,11,14,8,8,60.0000000000023,70.4483851109752,NA
111,1,211101,"coordinate_exchange","base","small","small","some","some",4,"high",1764,11,14,8,8,548.999999999978,69.7547045674677,NA
111,2,211102,"point_exchange","base","small","small","some","some",4,"high",1764,11,14,8,8,50.0000000000114,70.4483851109752,NA
111,2,211102,"coordinate_exchange","base","small","small","some","some",4,"high",1764,11,14,8,8,574.999999999989,69.7547045674677,NA
112,1,211201,"point_exchange","base","small","small","some","some",4,"low",36,11,14,18,18,19.0000000000055,70.4483851109752,NA
112,1,211201,"coordinate_exchange","base","small","small","some","some",4,"low",36,11,14,18,18,1490.00000000001,70.4483851109752,NA
112,2,211202,"point_exchange","base","small","small","some","some",4,"low",36,11,14,18,18,19.0000000000055,70.4483851109752,NA
112,2,211202,"coordinate_exchange","base","small","small","some","some",4,"low",36,11,14,18,18,1480.99999999999,70.4483851109752,NA
113,1,211301,"point_exchange","base","small","small","some","many",5,"low",45,14,18,18,18,13.0000000000337,61.5507687586062,NA
113,1,211301,"coordinate_exchange","base","small","small","some","many",5,"low",45,14,18,18,18,1488.99999999998,61.5507687586062,NA
113,2,211302,"point_exchange","base","small","small","some","many",5,"low",45,14,18,18,18,13.0000000000337,61.5507687586062,NA
113,2,211302,"coordinate_exchange","base","small","small","some","many",5,"low",45,14,18,18,18,1500,61.5507687586062,NA
114,1,211401,"point_exchange","base","small","small","some","many",3,"high",1323,10,13,12,12,52.9999999999973,57.0484953103496,NA
114,1,211401,"coordinate_exchange","base","small","small","some","many",3,"high",1323,10,13,12,12,524.999999999977,57.0484953103496,NA
114,2,211402,"point_exchange","base","small","small","some","many",3,"high",1323,10,13,12,12,57.9999999999927,57.0484953103496,NA
114,2,211402,"coordinate_exchange","base","small","small","some","many",3,"high",1323,10,13,12,12,522.999999999968,57.0484953103496,NA
115,1,211501,"point_exchange","base","small","small","some","many",3,"low",27,10,13,18,18,19.9999999999818,56.9608162501267,NA
115,1,211501,"coordinate_exchange","base","small","small","some","many",3,"low",27,10,13,18,18,1324.99999999999,56.9608162501267,NA
115,2,211502,"point_exchange","base","small","small","some","many",3,"low",27,10,13,18,18,21.9999999999914,56.9608162501267,NA
115,2,211502,"coordinate_exchange","base","small","small","some","many",3,"low",27,10,13,18,18,1265.00000000004,56.9608162501267,NA
116,1,211601,"point_exchange","base","small","small","some","many",4,"high",1764,12,15,8,8,58.0000000000496,59.3036811637023,NA
116,1,211601,"coordinate_exchange","base","small","small","some","many",4,"high",1764,12,15,8,8,539.999999999964,59.3036811637023,NA
116,2,211602,"point_exchange","base","small","small","some","many",4,"high",1764,12,15,8,8,49.9999999999545,59.3036811637023,NA
116,2,211602,"coordinate_exchange","base","small","small","some","many",4,"high",1764,12,15,8,8,521.000000000015,59.3036811637023,NA
117,1,211701,"point_exchange","base","small","small","some","many",4,"low",36,12,15,18,18,10.9999999999673,59.20218444435,NA
117,1,211701,"coordinate_exchange","base","small","small","some","many",4,"low",36,12,15,18,18,1792.00000000003,58.7185153951143,NA
117,2,211702,"point_exchange","base","small","small","some","many",4,"low",36,12,15,18,18,9.00000000001455,59.20218444435,NA
117,2,211702,"coordinate_exchange","base","small","small","some","many",4,"low",36,12,15,18,18,1793.99999999998,58.7185153951143,NA
118,1,211801,"point_exchange","base","small","small","none","none",5,"high",2205,7,9,8,8,31.9999999999823,94.420137887104,NA
118,1,211801,"coordinate_exchange","base","small","small","none","none",5,"high",2205,7,9,8,8,365.999999999985,94.4201378871041,NA
118,2,211802,"point_exchange","base","small","small","none","none",5,"high",2205,7,9,8,8,31.9999999999823,94.4201378871041,NA
118,2,211802,"coordinate_exchange","base","small","small","none","none",5,"high",2205,7,9,8,8,367.999999999995,94.4201378871041,NA
119,1,211901,"point_exchange","base","small","small","none","none",5,"low",45,7,9,18,18,19.9999999999818,94.4201378871041,NA
119,1,211901,"coordinate_exchange","base","small","small","none","none",5,"low",45,7,9,18,18,728.000000000009,94.4201378871041,NA
119,2,211902,"point_exchange","base","small","small","none","none",5,"low",45,7,9,18,18,16.0000000000196,94.420137887104,NA
119,2,211902,"coordinate_exchange","base","small","small","none","none",5,"low",45,7,9,18,18,716.000000000008,94.4201378871041,NA
120,1,212001,"point_exchange","base","small","small","none","none",3,"low",27,5,7,18,18,13.0000000000337,96.1675838953885,NA
120,1,212001,"coordinate_exchange","base","small","small","none","none",3,"low",27,5,7,18,18,310.999999999979,96.1675838953885,NA
120,2,212002,"point_exchange","base","small","small","none","none",3,"low",27,5,7,18,18,14.00000000001,96.1675838953885,NA
120,2,212002,"coordinate_exchange","base","small","small","none","none",3,"low",27,5,7,18,18,317.000000000007,96.1675838953885,NA
121,1,212101,"point_exchange","base","small","small","none","none",4,"high",1764,6,8,8,8,23.0000000000246,100,NA
121,1,212101,"coordinate_exchange","base","small","small","none","none",4,"high",1764,6,8,8,8,193.99999999996,100,NA
121,2,212102,"point_exchange","base","small","small","none","none",4,"high",1764,6,8,8,8,23.0000000000246,100,NA
121,2,212102,"coordinate_exchange","base","small","small","none","none",4,"high",1764,6,8,8,8,193.99999999996,100,NA
122,1,212201,"point_exchange","base","small","small","none","none",4,"low",36,6,8,18,18,14.9999999999864,100,NA
122,1,212201,"coordinate_exchange","base","small","small","none","none",4,"low",36,6,8,18,18,521.999999999991,100,NA
122,2,212202,"point_exchange","base","small","small","none","none",4,"low",36,6,8,18,18,9.9999999999909,100,NA
122,2,212202,"coordinate_exchange","base","small","small","none","none",4,"low",36,6,8,18,18,521.999999999991,100,NA
123,1,212301,"point_exchange","base","small","small","none","some",5,"high",2205,8,10,8,8,45.9999999999923,73.3826548674686,NA
123,1,212301,"coordinate_exchange","base","small","small","none","some",5,"high",2205,8,10,8,8,351.999999999975,73.3826548674686,NA
123,2,212302,"point_exchange","base","small","small","none","some",5,"high",2205,8,10,8,8,44.9999999999591,73.3826548674686,NA
123,2,212302,"coordinate_exchange","base","small","small","none","some",5,"high",2205,8,10,8,8,360.000000000014,73.3826548674686,NA
124,1,212401,"point_exchange","base","small","small","none","some",5,"low",45,8,10,18,18,17.9999999999723,71.9724956370328,NA
124,1,212401,"coordinate_exchange","base","small","small","none","some",5,"low",45,8,10,18,18,623.000000000047,71.9724956370328,NA
124,2,212402,"point_exchange","base","small","small","none","some",5,"low",45,8,10,18,18,19.0000000000055,71.9724956370328,NA
124,2,212402,"coordinate_exchange","base","small","small","none","some",5,"low",45,8,10,18,18,625.999999999976,71.9724956370328,NA
125,1,212501,"point_exchange","base","small","small","none","some",3,"high",1323,6,8,12,12,31.0000000000059,69.0853658590399,NA
125,1,212501,"coordinate_exchange","base","small","small","none","some",3,"high",1323,6,8,12,12,319.000000000017,69.0853658590399,NA
125,2,212502,"point_exchange","base","small","small","none","some",3,"high",1323,6,8,12,12,33.0000000000155,69.0853658590399,NA
125,2,212502,"coordinate_exchange","base","small","small","none","some",3,"high",1323,6,8,12,12,300.999999999988,69.0853658590399,NA
126,1,212601,"point_exchange","base","small","small","none","some",3,"low",27,6,8,18,18,14.9999999999864,68.5563039700165,NA
126,1,212601,"coordinate_exchange","base","small","small","none","some",3,"low",27,6,8,18,18,363,68.5563039700165,NA
126,2,212602,"point_exchange","base","small","small","none","some",3,"low",27,6,8,18,18,14.00000000001,68.5563039700165,NA
126,2,212602,"coordinate_exchange","base","small","small","none","some",3,"low",27,6,8,18,18,360.99999999999,68.5563039700165,NA
127,1,212701,"point_exchange","base","small","small","none","some",4,"high",1764,7,9,8,8,33.0000000000155,71.057666040273,NA
127,1,212701,"coordinate_exchange","base","small","small","none","some",4,"high",1764,7,9,8,8,370.999999999981,71.057666040273,NA
127,2,212702,"point_exchange","base","small","small","none","some",4,"high",1764,7,9,8,8,32.9999999999586,71.057666040273,NA
127,2,212702,"coordinate_exchange","base","small","small","none","some",4,"high",1764,7,9,8,8,463.999999999999,71.057666040273,NA
128,1,212801,"point_exchange","base","small","small","none","some",4,"low",36,7,9,18,18,15.9999999999627,69.8780625741291,NA
128,1,212801,"coordinate_exchange","base","small","small","none","some",4,"low",36,7,9,18,18,524.000000000001,69.8780625741291,NA
128,2,212802,"point_exchange","base","small","small","none","some",4,"low",36,7,9,18,18,14.9999999999864,69.8780625741291,NA
128,2,212802,"coordinate_exchange","base","small","small","none","some",4,"low",36,7,9,18,18,521.000000000015,69.8780625741291,NA
129,1,212901,"point_exchange","base","small","small","none","many",5,"low",45,9,12,18,18,18.9999999999486,60.6859170007153,NA
129,1,212901,"coordinate_exchange","base","small","small","none","many",5,"low",45,9,12,18,18,687.000000000012,60.6859170007153,NA
129,2,212902,"point_exchange","base","small","small","none","many",5,"low",45,9,12,18,18,20.9999999999582,60.6859170007153,NA
129,2,212902,"coordinate_exchange","base","small","small","none","many",5,"low",45,9,12,18,18,704.000000000008,60.6859170007153,NA
130,1,213001,"point_exchange","base","small","small","none","many",3,"high",1323,7,9,12,12,31.9999999999823,57.9503502148252,NA
130,1,213001,"coordinate_exchange","base","small","small","none","many",3,"high",1323,7,9,12,12,427.999999999997,57.9503502148252,NA
130,2,213002,"point_exchange","base","small","small","none","many",3,"high",1323,7,9,12,12,31.0000000000059,57.9503502148252,NA
130,2,213002,"coordinate_exchange","base","small","small","none","many",3,"high",1323,7,9,12,12,430.000000000007,57.9503502148252,NA
131,1,213101,"point_exchange","base","small","small","none","many",4,"high",1764,8,10,8,8,28.00000000002,58.5553098884739,NA
131,1,213101,"coordinate_exchange","base","small","small","none","many",4,"high",1764,8,10,8,8,413.000000000011,58.5553098884739,NA
131,2,213102,"point_exchange","base","small","small","none","many",4,"high",1764,8,10,8,8,33.0000000000155,58.3072439984396,NA
131,2,213102,"coordinate_exchange","base","small","small","none","many",4,"high",1764,8,10,8,8,406.999999999982,58.5553098884739,NA
132,1,213201,"point_exchange","base","small","large","many","none",5,"low",225,44,55,18,18,252.00000000001,90.5060274121115,NA
132,1,213201,"coordinate_exchange","base","small","large","many","none",5,"low",225,44,55,18,18,9735.99999999999,78.0383523960024,NA
132,2,213202,"point_exchange","base","small","large","many","none",5,"low",225,44,55,18,18,252.00000000001,90.5060274121115,NA
132,2,213202,"coordinate_exchange","base","small","large","many","none",5,"low",225,44,55,18,18,9884.99999999999,78.0383523960024,NA
133,1,213301,"point_exchange","base","small","large","many","none",3,"high",3969,20,25,8,8,220.99999999989,89.4897049492953,NA
133,1,213301,"coordinate_exchange","base","small","large","many","none",3,"high",3969,20,25,8,8,1067.00000000001,89.4897049492954,NA
133,2,213302,"point_exchange","base","small","large","many","none",3,"high",3969,20,25,8,8,213.000000000079,89.4897049492953,NA
133,2,213302,"coordinate_exchange","base","small","large","many","none",3,"high",3969,20,25,8,8,1077,89.4897049492954,NA
134,1,213401,"point_exchange","base","small","large","many","none",3,"low",81,20,25,18,18,48.9999999999782,89.4897049492954,NA
134,1,213401,"coordinate_exchange","base","small","large","many","none",3,"low",81,20,25,18,18,3780.00000000009,89.4897049492953,NA
134,2,213402,"point_exchange","base","small","large","many","none",3,"low",81,20,25,18,18,48.9999999999782,89.4897049492953,NA
134,2,213402,"coordinate_exchange","base","small","large","many","none",3,"low",81,20,25,18,18,3865.99999999999,89.4897049492953,NA
135,1,213501,"point_exchange","base","small","large","many","none",4,"high",7056,31,39,6,6,985.99999999999,89.3479472286058,NA
135,1,213501,"coordinate_exchange","base","small","large","many","none",4,"high",7056,31,39,6,6,2697.99999999998,89.1844706340253,NA
135,2,213502,"point_exchange","base","small","large","many","none",4,"high",7056,31,39,6,6,1033.99999999999,89.3479472286058,NA
135,2,213502,"coordinate_exchange","base","small","large","many","none",4,"high",7056,31,39,6,6,2697.99999999998,89.1844706340253,NA
136,1,213601,"point_exchange","base","small","large","many","some",5,"high",11025,45,57,6,6,4568.99999999996,84.1674983039509,NA
136,1,213601,"coordinate_exchange","base","small","large","many","some",5,"high",11025,45,57,6,6,2113.00000000006,54.5909628412251,NA
136,2,213602,"point_exchange","base","small","large","many","some",5,"high",11025,45,57,6,6,4928,84.0373138050606,NA
136,2,213602,"coordinate_exchange","base","small","large","many","some",5,"high",11025,45,57,6,6,2101,54.5909628412251,NA
137,1,213701,"point_exchange","base","small","large","many","some",5,"low",225,45,57,18,18,279.999999999973,83.9872093686343,NA
137,1,213701,"coordinate_exchange","base","small","large","many","some",5,"low",225,45,57,18,18,10306,83.9487199911466,NA
137,2,213702,"point_exchange","base","small","large","many","some",5,"low",225,45,57,18,18,294.999999999959,84.1533246917951,NA
137,2,213702,"coordinate_exchange","base","small","large","many","some",5,"low",225,45,57,18,18,10177,83.9487199911466,NA
138,1,213801,"point_exchange","base","small","large","many","some",3,"high",3969,21,27,8,8,375,80.0506116603753,NA
138,1,213801,"coordinate_exchange","base","small","large","many","some",3,"high",3969,21,27,8,8,1703.99999999995,80.0506116603753,NA
138,2,213802,"point_exchange","base","small","large","many","some",3,"high",3969,21,27,8,8,366.999999999962,80.0506116603753,NA
138,2,213802,"coordinate_exchange","base","small","large","many","some",3,"high",3969,21,27,8,8,1679.99999999995,80.0506116603753,NA
139,1,213901,"point_exchange","base","small","large","many","some",4,"high",7056,32,40,6,6,1064.99999999994,82.1601532005888,NA
139,1,213901,"coordinate_exchange","base","small","large","many","some",4,"high",7056,32,40,6,6,3125,81.3289817099849,NA
139,2,213902,"point_exchange","base","small","large","many","some",4,"high",7056,32,40,6,6,1215.00000000003,81.9110826795006,NA
139,2,213902,"coordinate_exchange","base","small","large","many","some",4,"high",7056,32,40,6,6,3124.00000000002,81.3289817099849,NA
140,1,214001,"point_exchange","base","small","large","many","some",4,"low",144,32,40,18,18,76.9999999999982,82.2214454656837,NA
140,1,214001,"coordinate_exchange","base","small","large","many","some",4,"low",144,32,40,18,18,9129.00000000002,81.3879148307771,NA
140,2,214002,"point_exchange","base","small","large","many","some",4,"low",144,32,40,18,18,82.99999999997,82.2214454656837,NA
140,2,214002,"coordinate_exchange","base","small","large","many","some",4,"low",144,32,40,18,18,9206.00000000002,81.3879148307771,NA
141,1,214101,"point_exchange","base","small","large","many","many",5,"high",11025,46,58,6,6,6231.99999999997,77.9514225467281,NA
141,1,214101,"coordinate_exchange","base","small","large","many","many",5,"high",11025,46,58,6,6,4791.00000000005,12.6901867468655,NA
141,2,214102,"point_exchange","base","small","large","many","many",5,"high",11025,46,58,6,6,5460.00000000004,77.9646173831041,NA
141,2,214102,"coordinate_exchange","base","small","large","many","many",5,"high",11025,46,58,6,6,4791.00000000005,12.6901867468655,NA
142,1,214201,"point_exchange","base","small","large","many","many",5,"low",225,46,58,18,18,308.999999999969,77.7799131449369,NA
142,1,214201,"coordinate_exchange","base","small","large","many","many",5,"low",225,46,58,18,18,14936,76.353139991764,NA
142,2,214202,"point_exchange","base","small","large","many","many",5,"low",225,46,58,18,18,320.00000000005,77.7787736736524,NA
142,2,214202,"coordinate_exchange","base","small","large","many","many",5,"low",225,46,58,18,18,14996,76.353139991764,NA
143,1,214301,"point_exchange","base","small","large","many","many",3,"high",3969,22,28,8,8,375,70.9639109409749,NA
143,1,214301,"coordinate_exchange","base","small","large","many","many",3,"high",3969,22,28,8,8,2165.00000000008,70.374814740866,NA
143,2,214302,"point_exchange","base","small","large","many","many",3,"high",3969,22,28,8,8,331.000000000017,70.9639109409748,NA
143,2,214302,"coordinate_exchange","base","small","large","many","many",3,"high",3969,22,28,8,8,2163.00000000001,70.374814740866,NA
144,1,214401,"point_exchange","base","small","large","many","many",3,"low",81,22,28,18,18,29.9999999999727,70.7125227736102,NA
144,1,214401,"coordinate_exchange","base","small","large","many","many",3,"low",81,22,28,18,18,4763.00000000003,70.7125227736102,NA
144,2,214402,"point_exchange","base","small","large","many","many",3,"low",81,22,28,18,18,33.9999999999918,70.7125227736101,NA
144,2,214402,"coordinate_exchange","base","small","large","many","many",3,"low",81,22,28,18,18,4766.00000000008,70.7125227736102,NA
145,1,214501,"point_exchange","base","small","large","many","many",4,"high",7056,33,42,6,6,1788.00000000001,74.8690340550372,NA
145,1,214501,"coordinate_exchange","base","small","large","many","many",4,"high",7056,33,42,6,6,2600.00000000002,74.5216126767326,NA
145,2,214502,"point_exchange","base","small","large","many","many",4,"high",7056,33,42,6,6,1678,74.8414323777775,NA
145,2,214502,"coordinate_exchange","base","small","large","many","many",4,"high",7056,33,42,6,6,2577,74.5216126767326,NA
146,1,214601,"point_exchange","base","small","large","many","many",4,"low",144,33,42,18,18,106.999999999971,75.3573441941979,NA
146,1,214601,"coordinate_exchange","base","small","large","many","many",4,"low",144,33,42,18,18,10433,74.4368462578425,NA
146,2,214602,"point_exchange","base","small","large","many","many",4,"low",144,33,42,18,18,110.99999999999,75.3573441941979,NA
146,2,214602,"coordinate_exchange","base","small","large","many","many",4,"low",144,33,42,18,18,10317,74.4368462578425,NA
147,1,214701,"point_exchange","base","small","large","some","none",5,"low",225,36,45,18,18,179.000000000087,83.9577109577763,NA
147,1,214701,"coordinate_exchange","base","small","large","some","none",5,"low",225,36,45,18,18,5809.99999999995,28.5134634647283,NA
147,2,214702,"point_exchange","base","small","large","some","none",5,"low",225,36,45,18,18,197.000000000003,84.0068252079129,NA
147,2,214702,"coordinate_exchange","base","small","large","some","none",5,"low",225,36,45,18,18,5772.00000000005,28.5134634647283,NA
148,1,214801,"point_exchange","base","small","large","some","none",3,"high",3969,16,20,8,8,179.000000000087,84.0802732302821,NA
148,1,214801,"coordinate_exchange","base","small","large","some","none",3,"high",3969,16,20,8,8,1439.99999999994,84.0802732302821,NA
148,2,214802,"point_exchange","base","small","large","some","none",3,"high",3969,16,20,8,8,163.000000000011,84.0802732302821,NA
148,2,214802,"coordinate_exchange","base","small","large","some","none",3,"high",3969,16,20,8,8,1327,84.0802732302821,NA
149,1,214901,"point_exchange","base","small","large","some","none",4,"high",7056,25,32,6,6,480.999999999995,86.199669776121,NA
149,1,214901,"coordinate_exchange","base","small","large","some","none",4,"high",7056,25,32,6,6,1730.00000000002,82.6072882643938,NA
149,2,214902,"point_exchange","base","small","large","some","none",4,"high",7056,25,32,6,6,528.00000000002,86.1300392464405,NA
149,2,214902,"coordinate_exchange","base","small","large","some","none",4,"high",7056,25,32,6,6,1726.99999999998,82.6072882643938,NA
150,1,215001,"point_exchange","base","small","large","some","none",4,"low",144,25,32,18,18,43.9999999999827,86.199669776121,NA
150,1,215001,"coordinate_exchange","base","small","large","some","none",4,"low",144,25,32,18,18,5319.00000000007,85.0744013882871,NA
150,2,215002,"point_exchange","base","small","large","some","none",4,"low",144,25,32,18,18,48.9999999999782,86.1300392464404,NA
150,2,215002,"coordinate_exchange","base","small","large","some","none",4,"low",144,25,32,18,18,5379.00000000002,85.0744013882871,NA
151,1,215101,"point_exchange","base","small","large","some","some",5,"high",11025,37,47,6,6,3709.00000000006,78.7584228450793,NA
151,1,215101,"coordinate_exchange","base","small","large","some","some",5,"high",11025,37,47,6,6,1669.99999999996,12.5198659896418,NA
151,2,215102,"point_exchange","base","small","large","some","some",5,"high",11025,37,47,6,6,3246.00000000009,78.7590006643173,NA
151,2,215102,"coordinate_exchange","base","small","large","some","some",5,"high",11025,37,47,6,6,1687.00000000001,12.5198659896418,NA
152,1,215201,"point_exchange","base","small","large","some","some",3,"high",3969,17,22,8,8,208.999999999946,75.6832378014542,NA
152,1,215201,"coordinate_exchange","base","small","large","some","some",3,"high",3969,17,22,8,8,1452,75.6832378014542,NA
152,2,215202,"point_exchange","base","small","large","some","some",3,"high",3969,17,22,8,8,218.999999999937,75.6832378014542,NA
152,2,215202,"coordinate_exchange","base","small","large","some","some",3,"high",3969,17,22,8,8,1470.00000000003,75.6832378014542,NA
153,1,215301,"point_exchange","base","small","large","some","some",3,"low",81,17,22,18,18,19.9999999999818,75.6425087735759,NA
153,1,215301,"coordinate_exchange","base","small","large","some","some",3,"low",81,17,22,18,18,3466.99999999998,75.611507620393,NA
153,2,215302,"point_exchange","base","small","large","some","some",3,"low",81,17,22,18,18,19.0000000000055,75.6425087735758,NA
153,2,215302,"coordinate_exchange","base","small","large","some","some",3,"low",81,17,22,18,18,3462.99999999997,75.611507620393,NA
154,1,215401,"point_exchange","base","small","large","some","some",4,"high",7056,26,33,6,6,704.999999999927,77.399480625303,NA
154,1,215401,"coordinate_exchange","base","small","large","some","some",4,"high",7056,26,33,6,6,2548,17.1344218227774,NA
154,2,215402,"point_exchange","base","small","large","some","some",4,"high",7056,26,33,6,6,852.000000000089,77.2918195100623,NA
154,2,215402,"coordinate_exchange","base","small","large","some","some",4,"high",7056,26,33,6,6,2410.99999999994,17.1344218227774,NA
155,1,215501,"point_exchange","base","small","large","some","some",4,"low",144,26,33,18,18,53.000000000111,77.2988451663469,NA
155,1,215501,"coordinate_exchange","base","small","large","some","some",4,"low",144,26,33,18,18,6287.9999999999,76.2991682504068,NA
155,2,215502,"point_exchange","base","small","large","some","some",4,"low",144,26,33,18,18,52.9999999999973,77.3289804835613,NA
155,2,215502,"coordinate_exchange","base","small","large","some","some",4,"low",144,26,33,18,18,6399.99999999998,76.2991682504068,NA
156,1,215601,"point_exchange","base","small","large","some","many",5,"high",11025,38,48,6,6,3707.00000000011,73.1766835380505,NA
156,1,215601,"coordinate_exchange","base","small","large","some","many",5,"high",11025,38,48,6,6,2533.99999999999,4.39012649499674,NA
156,2,215602,"point_exchange","base","small","large","some","many",5,"high",11025,38,48,6,6,3052.00000000002,73.0962029554713,NA
156,2,215602,"coordinate_exchange","base","small","large","some","many",5,"high",11025,38,48,6,6,2524,4.39012649499674,NA
157,1,215701,"point_exchange","base","small","large","some","many",3,"high",3969,18,23,8,8,280.999999999949,66.1660207401129,NA
157,1,215701,"coordinate_exchange","base","small","large","some","many",3,"high",3969,18,23,8,8,1880.00000000011,66.0579433141983,NA
157,2,215702,"point_exchange","base","small","large","some","many",3,"high",3969,18,23,8,8,286.999999999921,66.2172227542063,NA
157,2,215702,"coordinate_exchange","base","small","large","some","many",3,"high",3969,18,23,8,8,1855.99999999999,66.0579433141983,NA
158,1,215801,"point_exchange","base","small","large","some","many",3,"low",81,18,23,18,18,23.0000000000246,66.0348912475753,NA
158,1,215801,"coordinate_exchange","base","small","large","some","many",3,"low",81,18,23,18,18,4092.99999999996,66.0348912475753,NA
158,2,215802,"point_exchange","base","small","large","some","many",3,"low",81,18,23,18,18,24.9999999999773,66.0439360472088,NA
158,2,215802,"coordinate_exchange","base","small","large","some","many",3,"low",81,18,23,18,18,4160.00000000008,66.0348912475753,NA
159,1,215901,"point_exchange","base","small","large","some","many",4,"high",7056,27,34,6,6,1058.99999999997,70.2195890351919,NA
159,1,215901,"coordinate_exchange","base","small","large","some","many",4,"high",7056,27,34,6,6,2933.99999999997,69.8495884586217,NA
159,2,215902,"point_exchange","base","small","large","some","many",4,"high",7056,27,34,6,6,1149.99999999998,70.0352013940171,NA
159,2,215902,"coordinate_exchange","base","small","large","some","many",4,"high",7056,27,34,6,6,2982.99999999995,69.8495884586217,NA
160,1,216001,"point_exchange","base","small","large","some","many",4,"low",144,27,34,18,18,68.99999999996,70.192592736379,NA
160,1,216001,"coordinate_exchange","base","small","large","some","many",4,"low",144,27,34,18,18,7077,69.6510831026766,NA
160,2,216002,"point_exchange","base","small","large","some","many",4,"low",144,27,34,18,18,62.9999999999882,70.0854808205311,NA
160,2,216002,"coordinate_exchange","base","small","large","some","many",4,"low",144,27,34,18,18,6920.00000000007,69.6510831026766,NA
161,1,216101,"point_exchange","base","small","large","none","none",5,"high",11025,11,14,6,6,197.999999999979,89.0756360632807,NA
161,1,216101,"coordinate_exchange","base","small","large","none","none",5,"high",11025,11,14,6,6,671.000000000049,88.940772051933,NA
161,2,216102,"point_exchange","base","small","large","none","none",5,"high",11025,11,14,6,6,184.999999999945,89.0756360632807,NA
161,2,216102,"coordinate_exchange","base","small","large","none","none",5,"high",11025,11,14,6,6,671.000000000049,88.940772051933,NA
162,1,216201,"point_exchange","base","small","large","none","none",5,"low",225,11,14,18,18,18.0000000000291,89.0756360632807,NA
162,1,216201,"coordinate_exchange","base","small","large","none","none",5,"low",225,11,14,18,18,1823.99999999996,89.0756360632807,NA
162,2,216202,"point_exchange","base","small","large","none","none",5,"low",225,11,14,18,18,22.0000000000482,89.0756360632807,NA
162,2,216202,"coordinate_exchange","base","small","large","none","none",5,"low",225,11,14,18,18,1842.99999999996,89.0756360632807,NA
163,1,216301,"point_exchange","base","small","large","none","none",3,"high",3969,7,9,8,8,52.9999999999973,96.6907643945971,NA
163,1,216301,"coordinate_exchange","base","small","large","none","none",3,"high",3969,7,9,8,8,335.999999999899,96.6907643945971,NA
163,2,216302,"point_exchange","base","small","large","none","none",3,"high",3969,7,9,8,8,46.9999999999118,96.6907643945971,NA
163,2,216302,"coordinate_exchange","base","small","large","none","none",3,"high",3969,7,9,8,8,333.000000000084,96.6907643945971,NA
164,1,216401,"point_exchange","base","small","large","none","none",4,"high",7056,9,12,6,6,92.9999999999609,92.9967195974947,NA
164,1,216401,"coordinate_exchange","base","small","large","none","none",4,"high",7056,9,12,6,6,521.000000000072,92.9967195974947,NA
164,2,216402,"point_exchange","base","small","large","none","none",4,"high",7056,9,12,6,6,83.9999999999463,92.9967195974947,NA
164,2,216402,"coordinate_exchange","base","small","large","none","none",4,"high",7056,9,12,6,6,427.000000000021,92.9967195974947,NA
165,1,216501,"point_exchange","base","small","large","none","none",4,"low",144,9,12,18,18,12.99999999992,93.5022358401941,NA
165,1,216501,"coordinate_exchange","base","small","large","none","none",4,"low",144,9,12,18,18,1049.00000000009,92.9967195974947,NA
165,2,216502,"point_exchange","base","small","large","none","none",4,"low",144,9,12,18,18,19.9999999999818,92.9967195974947,NA
165,2,216502,"coordinate_exchange","base","small","large","none","none",4,"low",144,9,12,18,18,1065.00000000005,92.9967195974947,NA
166,1,216601,"point_exchange","base","small","large","none","some",5,"high",11025,12,15,6,6,254.000000000019,78.9116035402844,NA
166,1,216601,"coordinate_exchange","base","small","large","none","some",5,"high",11025,12,15,6,6,571.000000000026,78.9116035402844,NA
166,2,216602,"point_exchange","base","small","large","none","some",5,"high",11025,12,15,6,6,226.999999999975,78.9116035402844,NA
166,2,216602,"coordinate_exchange","base","small","large","none","some",5,"high",11025,12,15,6,6,570.00000000005,78.9116035402844,NA
167,1,216701,"point_exchange","base","small","large","none","some",5,"low",225,12,15,18,18,26.99999999993,78.9097843624166,NA
167,1,216701,"coordinate_exchange","base","small","large","none","some",5,"low",225,12,15,18,18,1752.00000000007,78.9097843624166,NA
167,2,216702,"point_exchange","base","small","large","none","some",5,"low",225,12,15,18,18,27.0000000000437,78.9097843624166,NA
167,2,216702,"coordinate_exchange","base","small","large","none","some",5,"low",225,12,15,18,18,1779.99999999997,78.9097843624166,NA
168,1,216801,"point_exchange","base","small","large","none","some",3,"high",3969,8,10,8,8,62.0000000000118,76.2104124205464,NA
168,1,216801,"coordinate_exchange","base","small","large","none","some",3,"high",3969,8,10,8,8,502.000000000066,76.2104124205464,NA
168,2,216802,"point_exchange","base","small","large","none","some",3,"high",3969,8,10,8,8,63.9999999999645,76.2104124205464,NA
168,2,216802,"coordinate_exchange","base","small","large","none","some",3,"high",3969,8,10,8,8,504.000000000019,76.2104124205464,NA
169,1,216901,"point_exchange","base","small","large","none","some",3,"low",81,8,10,18,18,23.0000000000246,76.1753085444826,NA
169,1,216901,"coordinate_exchange","base","small","large","none","some",3,"low",81,8,10,18,18,1053,76.1753085444826,NA
169,2,216902,"point_exchange","base","small","large","none","some",3,"low",81,8,10,18,18,24.0000000000009,76.1753085444826,NA
169,2,216902,"coordinate_exchange","base","small","large","none","some",3,"low",81,8,10,18,18,1052.00000000002,76.1753085444826,NA
170,1,217001,"point_exchange","base","small","large","none","some",4,"high",7056,10,13,6,6,131.000000000085,78.3377267973393,NA
170,1,217001,"coordinate_exchange","base","small","large","none","some",4,"high",7056,10,13,6,6,501.999999999953,78.2248167346379,NA
170,2,217002,"point_exchange","base","small","large","none","some",4,"high",7056,10,13,6,6,106.999999999971,78.3745919652344,NA
170,2,217002,"coordinate_exchange","base","small","large","none","some",4,"high",7056,10,13,6,6,500,78.2248167346379,NA
171,1,217101,"point_exchange","base","small","large","none","some",4,"low",144,10,13,18,18,18.0000000000291,78.3026818220898,NA
171,1,217101,"coordinate_exchange","base","small","large","none","some",4,"low",144,10,13,18,18,1793.99999999998,78.3026818220898,NA
171,2,217102,"point_exchange","base","small","large","none","some",4,"low",144,10,13,18,18,19.0000000000055,78.3026818220898,NA
171,2,217102,"coordinate_exchange","base","small","large","none","some",4,"low",144,10,13,18,18,1880.99999999997,78.3026818220898,NA
172,1,217201,"point_exchange","base","small","large","none","many",5,"high",11025,13,17,6,6,335.000000000036,69.7412775415066,NA
172,1,217201,"coordinate_exchange","base","small","large","none","many",5,"high",11025,13,17,6,6,760.999999999967,69.6994418873917,NA
172,2,217202,"point_exchange","base","small","large","none","many",5,"high",11025,13,17,6,6,395.999999999958,69.865795033856,NA
172,2,217202,"coordinate_exchange","base","small","large","none","many",5,"high",11025,13,17,6,6,758.000000000038,69.6994418873917,NA
173,1,217301,"point_exchange","base","small","large","none","many",3,"low",81,9,12,18,18,24.0000000000009,61.8179882959228,NA
173,1,217301,"coordinate_exchange","base","small","large","none","many",3,"low",81,9,12,18,18,1387.00000000006,62.0133628728361,NA
173,2,217302,"point_exchange","base","small","large","none","many",3,"low",81,9,12,18,18,13.9999999998963,62.0133628728361,NA
173,2,217302,"coordinate_exchange","base","small","large","none","many",3,"low",81,9,12,18,18,1388.00000000003,62.0133628728361,NA
174,1,217401,"point_exchange","base","small","large","none","many",4,"low",144,11,14,18,18,17.0000000000528,67.2516546424488,NA
174,1,217401,"coordinate_exchange","base","small","large","none","many",4,"low",144,11,14,18,18,1777.99999999991,67.0905249832036,NA
174,2,217402,"point_exchange","base","small","large","none","many",4,"low",144,11,14,18,18,11.9999999999436,67.0905249832036,NA
174,2,217402,"coordinate_exchange","base","small","large","none","many",4,"low",144,11,14,18,18,1794.99999999996,67.0905249832036,NA
175,1,217501,"point_exchange","x10","large","small","many","none",5,"low",45,16,31,12,120,218.999999999937,95.8313255772348,NA
175,1,217501,"coordinate_exchange","x10","large","small","many","none",5,"low",45,16,31,12,120,11918,95.8313255772348,NA
175,2,217502,"point_exchange","x10","large","small","many","none",5,"low",45,16,31,12,120,218.999999999937,95.8313255772348,NA
175,2,217502,"coordinate_exchange","x10","large","small","many","none",5,"low",45,16,31,12,120,11870,95.8313255772348,NA
176,1,217601,"point_exchange","x10","large","small","many","none",3,"high",1323,10,19,8,80,288.000000000011,95.7294673585515,NA
176,1,217601,"coordinate_exchange","x10","large","small","many","none",3,"high",1323,10,19,8,80,2658.99999999999,95.7294673585514,NA
176,2,217602,"point_exchange","x10","large","small","many","none",3,"high",1323,10,19,8,80,290.000000000077,95.7294673585514,NA
176,2,217602,"coordinate_exchange","x10","large","small","many","none",3,"high",1323,10,19,8,80,2668.00000000001,95.7294673585514,NA
177,1,217701,"point_exchange","x10","large","small","many","none",3,"low",27,10,19,12,120,138.000000000034,95.7294673585515,NA
177,1,217701,"coordinate_exchange","x10","large","small","many","none",3,"low",27,10,19,12,120,5633.00000000004,95.7294673585515,NA
177,2,217702,"point_exchange","x10","large","small","many","none",3,"low",27,10,19,12,120,139.00000000001,95.7294673585514,NA
177,2,217702,"coordinate_exchange","x10","large","small","many","none",3,"low",27,10,19,12,120,5745,95.7294673585515,NA
178,1,217801,"point_exchange","x10","large","small","many","none",4,"high",1764,13,25,5,50,353.000000000065,95.7838789095482,NA
178,1,217801,"coordinate_exchange","x10","large","small","many","none",4,"high",1764,13,25,5,50,2303.99999999997,95.7838789095482,NA
178,2,217802,"point_exchange","x10","large","small","many","none",4,"high",1764,13,25,5,50,342.999999999961,95.7838789095482,NA
178,2,217802,"coordinate_exchange","x10","large","small","many","none",4,"high",1764,13,25,5,50,2281.00000000006,95.7838789095482,NA
179,1,217901,"point_exchange","x10","large","small","many","some",5,"high",2205,17,33,5,50,824.000000000069,80.7798609603696,NA
179,1,217901,"coordinate_exchange","x10","large","small","many","some",5,"high",2205,17,33,5,50,4562.00000000001,80.7798609603695,NA
179,2,217902,"point_exchange","x10","large","small","many","some",5,"high",2205,17,33,5,50,923.000000000002,80.7798609603696,NA
179,2,217902,"coordinate_exchange","x10","large","small","many","some",5,"high",2205,17,33,5,50,4631.99999999995,80.7798609603695,NA
180,1,218001,"point_exchange","x10","large","small","many","some",5,"low",45,17,33,12,120,248.000000000047,80.7798609603696,NA
180,1,218001,"coordinate_exchange","x10","large","small","many","some",5,"low",45,17,33,12,120,13140,80.7798609603695,NA
180,2,218002,"point_exchange","x10","large","small","many","some",5,"low",45,17,33,12,120,261.000000000081,80.7798609603695,NA
180,2,218002,"coordinate_exchange","x10","large","small","many","some",5,"low",45,17,33,12,120,13289,80.7798609603695,NA
181,1,218101,"point_exchange","x10","large","small","many","some",3,"low",27,11,21,12,120,140.999999999963,75.3486505806044,NA
181,1,218101,"coordinate_exchange","x10","large","small","many","some",3,"low",27,11,21,12,120,6527.00000000004,75.3486505806044,NA
181,2,218102,"point_exchange","x10","large","small","many","some",3,"low",27,11,21,12,120,137.000000000057,75.3486505806044,NA
181,2,218102,"coordinate_exchange","x10","large","small","many","some",3,"low",27,11,21,12,120,6675.99999999993,75.3486505806044,NA
182,1,218201,"point_exchange","x10","large","small","many","some",4,"high",1764,14,27,5,50,495.000000000005,78.7314551143864,NA
182,1,218201,"coordinate_exchange","x10","large","small","many","some",4,"high",1764,14,27,5,50,4051.99999999991,78.7314551143864,NA
182,2,218202,"point_exchange","x10","large","small","many","some",4,"high",1764,14,27,5,50,487.999999999943,78.7314551143864,NA
182,2,218202,"coordinate_exchange","x10","large","small","many","some",4,"high",1764,14,27,5,50,3981.99999999997,78.7314551143864,NA
183,1,218301,"point_exchange","x10","large","small","many","some",4,"low",36,14,27,12,120,170.999999999935,78.7314551143864,NA
183,1,218301,"coordinate_exchange","x10","large","small","many","some",4,"low",36,14,27,12,120,11656.9999999999,78.7314551143865,NA
183,2,218302,"point_exchange","x10","large","small","many","some",4,"low",36,14,27,12,120,174.000000000092,78.7314551143864,NA
183,2,218302,"coordinate_exchange","x10","large","small","many","some",4,"low",36,14,27,12,120,11579,78.7314551143865,NA
184,1,218401,"point_exchange","x10","large","small","many","many",5,"high",2205,18,35,5,50,980.000000000018,68.9985249467985,NA
184,1,218401,"coordinate_exchange","x10","large","small","many","many",5,"high",2205,18,35,5,50,5822.99999999998,68.9985249467985,NA
184,2,218402,"point_exchange","x10","large","small","many","many",5,"high",2205,18,35,5,50,961.999999999989,68.9985249467985,NA
184,2,218402,"coordinate_exchange","x10","large","small","many","many",5,"high",2205,18,35,5,50,5602.00000000009,68.9985249467985,NA
185,1,218501,"point_exchange","x10","large","small","many","many",5,"low",45,18,35,12,120,217.999999999961,68.9926892566008,NA
185,1,218501,"coordinate_exchange","x10","large","small","many","many",5,"low",45,18,35,12,120,15687,68.9926892566008,NA
185,2,218502,"point_exchange","x10","large","small","many","many",5,"low",45,18,35,12,120,221.000000000004,68.9926892566008,NA
185,2,218502,"coordinate_exchange","x10","large","small","many","many",5,"low",45,18,35,12,120,15754,68.9926892566008,NA
186,1,218601,"point_exchange","x10","large","small","many","many",3,"high",1323,12,23,8,80,547.000000000025,62.1858082614388,NA
186,1,218601,"coordinate_exchange","x10","large","small","many","many",3,"high",1323,12,23,8,80,5846.00000000012,62.1858082614388,NA
186,2,218602,"point_exchange","x10","large","small","many","many",3,"high",1323,12,23,8,80,569.999999999936,62.1858082614388,NA
186,2,218602,"coordinate_exchange","x10","large","small","many","many",3,"high",1323,12,23,8,80,5823.00000000009,62.1858082614388,NA
187,1,218701,"point_exchange","x10","large","small","many","many",3,"low",27,12,23,12,120,175.999999999931,62.1753665285169,NA
187,1,218701,"coordinate_exchange","x10","large","small","many","many",3,"low",27,12,23,12,120,7811.9999999999,62.1753665285169,NA
187,2,218702,"point_exchange","x10","large","small","many","many",3,"low",27,12,23,12,120,166.999999999916,62.1753665285169,NA
187,2,218702,"coordinate_exchange","x10","large","small","many","many",3,"low",27,12,23,12,120,7800.99999999993,62.1753665285169,NA
188,1,218801,"point_exchange","x10","large","small","many","many",4,"high",1764,15,29,5,50,565.999999999804,65.9966474402849,NA
188,1,218801,"coordinate_exchange","x10","large","small","many","many",4,"high",1764,15,29,5,50,4207.00000000011,65.9966474402849,NA
188,2,218802,"point_exchange","x10","large","small","many","many",4,"high",1764,15,29,5,50,577.999999999975,65.9966474402848,NA
188,2,218802,"coordinate_exchange","x10","large","small","many","many",4,"high",1764,15,29,5,50,4273.00000000014,65.9966474402849,NA
189,1,218901,"point_exchange","x10","large","small","many","many",4,"low",36,15,29,12,120,107.999999999947,65.9701173560959,NA
189,1,218901,"coordinate_exchange","x10","large","small","many","many",4,"low",36,15,29,12,120,11378.9999999999,65.9701173560958,NA
189,2,218902,"point_exchange","x10","large","small","many","many",4,"low",36,15,29,12,120,102.000000000089,65.9701173560959,NA
189,2,218902,"coordinate_exchange","x10","large","small","many","many",4,"low",36,15,29,12,120,11538,65.9701173560958,NA
190,1,219001,"point_exchange","x10","large","small","some","none",5,"high",2205,12,23,5,50,356.999999999971,97.7665987513457,NA
190,1,219001,"coordinate_exchange","x10","large","small","some","none",5,"high",2205,12,23,5,50,2639.00000000012,97.7665987513457,NA
190,2,219002,"point_exchange","x10","large","small","some","none",5,"high",2205,12,23,5,50,353.000000000065,97.7665987513457,NA
190,2,219002,"coordinate_exchange","x10","large","small","some","none",5,"high",2205,12,23,5,50,2669.99999999985,97.7665987513457,NA
191,1,219101,"point_exchange","x10","large","small","some","none",5,"low",45,12,23,12,120,167.999999999893,97.7665987513457,NA
191,1,219101,"coordinate_exchange","x10","large","small","some","none",5,"low",45,12,23,12,120,7234.9999999999,97.7665987513457,NA
191,2,219102,"point_exchange","x10","large","small","some","none",5,"low",45,12,23,12,120,170.999999999822,97.7665987513457,NA
191,2,219102,"coordinate_exchange","x10","large","small","some","none",5,"low",45,12,23,12,120,7240.99999999999,97.7665987513457,NA
192,1,219201,"point_exchange","x10","large","small","some","none",3,"low",27,8,16,12,120,120.999999999867,96.5816091338023,NA
192,1,219201,"coordinate_exchange","x10","large","small","some","none",3,"low",27,8,16,12,120,4165.99999999994,96.5816091338023,NA
192,2,219202,"point_exchange","x10","large","small","some","none",3,"low",27,8,16,12,120,128.999999999905,96.5816091338023,NA
192,2,219202,"coordinate_exchange","x10","large","small","some","none",3,"low",27,8,16,12,120,4134.99999999999,96.5816091338023,NA
193,1,219301,"point_exchange","x10","large","small","some","none",4,"high",1764,10,19,5,50,241.999999999962,97.3564319737198,NA
193,1,219301,"coordinate_exchange","x10","large","small","some","none",4,"high",1764,10,19,5,50,2019.99999999998,97.3564319737198,NA
193,2,219302,"point_exchange","x10","large","small","some","none",4,"high",1764,10,19,5,50,230.999999999995,97.3564319737198,NA
193,2,219302,"coordinate_exchange","x10","large","small","some","none",4,"high",1764,10,19,5,50,1980.99999999999,97.3564319737198,NA
194,1,219401,"point_exchange","x10","large","small","some","none",4,"low",36,10,19,12,120,144.000000000005,97.3564319737198,NA
194,1,219401,"coordinate_exchange","x10","large","small","some","none",4,"low",36,10,19,12,120,6698.99999999984,97.3564319737198,NA
194,2,219402,"point_exchange","x10","large","small","some","none",4,"low",36,10,19,12,120,147.000000000162,97.3564319737198,NA
194,2,219402,"coordinate_exchange","x10","large","small","some","none",4,"low",36,10,19,12,120,6747.99999999982,97.3564319737198,NA
195,1,219501,"point_exchange","x10","large","small","some","some",5,"low",45,13,25,12,120,196.999999999889,78.0662916539105,NA
195,1,219501,"coordinate_exchange","x10","large","small","some","some",5,"low",45,13,25,12,120,10245.0000000001,78.0662916539104,NA
195,2,219502,"point_exchange","x10","large","small","some","some",5,"low",45,13,25,12,120,182.999999999993,78.0662916539104,NA
195,2,219502,"coordinate_exchange","x10","large","small","some","some",5,"low",45,13,25,12,120,10550,78.0662916539104,NA
196,1,219601,"point_exchange","x10","large","small","some","some",3,"high",1323,9,18,8,80,359.9999999999,72.2697166516095,NA
196,1,219601,"coordinate_exchange","x10","large","small","some","some",3,"high",1323,9,18,8,80,3757.00000000006,72.2697166516095,NA
196,2,219602,"point_exchange","x10","large","small","some","some",3,"high",1323,9,18,8,80,364.000000000033,72.2697166516095,NA
196,2,219602,"coordinate_exchange","x10","large","small","some","some",3,"high",1323,9,18,8,80,3701.00000000002,72.2697166516095,NA
197,1,219701,"point_exchange","x10","large","small","some","some",3,"low",27,9,18,12,120,150.000000000091,72.2697166516095,NA
197,1,219701,"coordinate_exchange","x10","large","small","some","some",3,"low",27,9,18,12,120,6701.00000000002,72.2697166516095,NA
197,2,219702,"point_exchange","x10","large","small","some","some",3,"low",27,9,18,12,120,134.000000000015,72.2697166516095,NA
197,2,219702,"coordinate_exchange","x10","large","small","some","some",3,"low",27,9,18,12,120,6713.99999999994,72.2697166516095,NA
198,1,219801,"point_exchange","x10","large","small","some","some",4,"high",1764,11,21,5,50,326.999999999998,75.7447649340081,NA
198,1,219801,"coordinate_exchange","x10","large","small","some","some",4,"high",1764,11,21,5,50,2615.99999999999,75.7447649340081,NA
198,2,219802,"point_exchange","x10","large","small","some","some",4,"high",1764,11,21,5,50,354.000000000042,75.7447649340081,NA
198,2,219802,"coordinate_exchange","x10","large","small","some","some",4,"high",1764,11,21,5,50,2585.00000000004,75.7447649340081,NA
199,1,219901,"point_exchange","x10","large","small","some","some",4,"low",36,11,21,12,120,153.999999999996,75.7447649340081,NA
199,1,219901,"coordinate_exchange","x10","large","small","some","some",4,"low",36,11,21,12,120,8134.99999999999,75.7447649340081,NA
199,2,219902,"point_exchange","x10","large","small","some","some",4,"low",36,11,21,12,120,158.000000000129,75.7447649340081,NA
199,2,219902,"coordinate_exchange","x10","large","small","some","some",4,"low",36,11,21,12,120,8072.99999999987,75.7447649340081,NA
200,1,220001,"point_exchange","x10","large","small","some","many",5,"high",2205,14,27,5,50,643.000000000029,67.0687686104879,NA
200,1,220001,"coordinate_exchange","x10","large","small","some","many",5,"high",2205,14,27,5,50,5234.00000000015,67.0687686104879,NA
200,2,220002,"point_exchange","x10","large","small","some","many",5,"high",2205,14,27,5,50,663.999999999987,67.0687686104879,NA
200,2,220002,"coordinate_exchange","x10","large","small","some","many",5,"high",2205,14,27,5,50,4855.00000000002,67.0687686104879,NA
201,1,220101,"point_exchange","x10","large","small","some","many",3,"high",1323,10,19,8,80,394.000000000005,60.2581295576004,NA
201,1,220101,"coordinate_exchange","x10","large","small","some","many",3,"high",1323,10,19,8,80,4896.99999999993,60.2581295576004,NA
201,2,220102,"point_exchange","x10","large","small","some","many",3,"high",1323,10,19,8,80,434.999999999945,60.2581295576004,NA
201,2,220102,"coordinate_exchange","x10","large","small","some","many",3,"high",1323,10,19,8,80,5059.99999999995,60.2581295576004,NA
202,1,220201,"point_exchange","x10","large","small","some","many",3,"low",27,10,19,12,120,141.999999999825,60.2581295576004,NA
202,1,220201,"coordinate_exchange","x10","large","small","some","many",3,"low",27,10,19,12,120,6555.00000000006,60.2581295576004,NA
202,2,220202,"point_exchange","x10","large","small","some","many",3,"low",27,10,19,12,120,143.000000000029,60.2581295576004,NA
202,2,220202,"coordinate_exchange","x10","large","small","some","many",3,"low",27,10,19,12,120,6299.99999999995,60.2581295576004,NA
203,1,220301,"point_exchange","x10","large","small","some","many",4,"high",1764,12,23,5,50,401.000000000067,63.9995626046667,NA
203,1,220301,"coordinate_exchange","x10","large","small","some","many",4,"high",1764,12,23,5,50,4230.99999999999,63.9995626046668,NA
203,2,220302,"point_exchange","x10","large","small","some","many",4,"high",1764,12,23,5,50,400.000000000091,63.9995626046667,NA
203,2,220302,"coordinate_exchange","x10","large","small","some","many",4,"high",1764,12,23,5,50,4490.99999999999,63.9995626046668,NA
204,1,220401,"point_exchange","x10","large","small","some","many",4,"low",36,12,23,12,120,165.99999999994,63.9113980718328,NA
204,1,220401,"coordinate_exchange","x10","large","small","some","many",4,"low",36,12,23,12,120,11847,63.9113980718327,NA
204,2,220402,"point_exchange","x10","large","small","some","many",4,"low",36,12,23,12,120,181.999999999789,63.9113980718327,NA
204,2,220402,"coordinate_exchange","x10","large","small","some","many",4,"low",36,12,23,12,120,12754.0000000001,63.9113980718327,NA
205,1,220501,"point_exchange","x10","large","small","none","none",5,"high",2205,7,15,5,50,254.000000000133,96.690764394597,NA
205,1,220501,"coordinate_exchange","x10","large","small","none","none",5,"high",2205,7,15,5,50,1668.99999999987,96.6907643945971,NA
205,2,220502,"point_exchange","x10","large","small","none","none",5,"high",2205,7,15,5,50,253.000000000156,96.690764394597,NA
205,2,220502,"coordinate_exchange","x10","large","small","none","none",5,"high",2205,7,15,5,50,2133.99999999979,96.6907643945971,NA
206,1,220601,"point_exchange","x10","large","small","none","none",5,"low",45,7,15,12,120,129.999999999882,96.690764394597,NA
206,1,220601,"coordinate_exchange","x10","large","small","none","none",5,"low",45,7,15,12,120,4295.00000000007,96.6907643945971,NA
206,2,220602,"point_exchange","x10","large","small","none","none",5,"low",45,7,15,12,120,132.000000000062,96.690764394597,NA
206,2,220602,"coordinate_exchange","x10","large","small","none","none",5,"low",45,7,15,12,120,4066.00000000003,96.6907643945971,NA
207,1,220701,"point_exchange","x10","large","small","none","none",3,"high",1323,5,13,8,80,201.000000000022,98.9672331600786,NA
207,1,220701,"coordinate_exchange","x10","large","small","none","none",3,"high",1323,5,13,8,80,1759.99999999999,98.9672331600786,NA
207,2,220702,"point_exchange","x10","large","small","none","none",3,"high",1323,5,13,8,80,207.999999999856,98.9672331600786,NA
207,2,220702,"coordinate_exchange","x10","large","small","none","none",3,"high",1323,5,13,8,80,1640.0000000001,98.9672331600786,NA
208,1,220801,"point_exchange","x10","large","small","none","none",4,"high",1764,6,14,5,50,161.000000000058,97.7129112386684,NA
208,1,220801,"coordinate_exchange","x10","large","small","none","none",4,"high",1764,6,14,5,50,1336.00000000001,97.7129112386684,NA
208,2,220802,"point_exchange","x10","large","small","none","none",4,"high",1764,6,14,5,50,165.99999999994,97.7129112386684,NA
208,2,220802,"coordinate_exchange","x10","large","small","none","none",4,"high",1764,6,14,5,50,1463.99999999994,97.7129112386684,NA
209,1,220901,"point_exchange","x10","large","small","none","none",4,"low",36,6,14,12,120,119.999999999997,97.7129112386684,NA
209,1,220901,"coordinate_exchange","x10","large","small","none","none",4,"low",36,6,14,12,120,3115,97.7129112386684,NA
209,2,220902,"point_exchange","x10","large","small","none","none",4,"low",36,6,14,12,120,109.000000000002,97.7129112386684,NA
209,2,220902,"coordinate_exchange","x10","large","small","none","none",4,"low",36,6,14,12,120,3125,97.7129112386684,NA
210,1,221001,"point_exchange","x10","large","small","none","some",5,"high",2205,8,16,5,50,244.99999999999,77.1761200578137,NA
210,1,221001,"coordinate_exchange","x10","large","small","none","some",5,"high",2205,8,16,5,50,2289,77.1761200578136,NA
210,2,221002,"point_exchange","x10","large","small","none","some",5,"high",2205,8,16,5,50,253,77.1761200578137,NA
210,2,221002,"coordinate_exchange","x10","large","small","none","some",5,"high",2205,8,16,5,50,2246.00000000001,77.1761200578136,NA
211,1,221101,"point_exchange","x10","large","small","none","some",5,"low",45,8,16,12,120,122,77.1665772367603,NA
211,1,221101,"coordinate_exchange","x10","large","small","none","some",5,"low",45,8,16,12,120,4879,77.1665772367603,NA
211,2,221102,"point_exchange","x10","large","small","none","some",5,"low",45,8,16,12,120,123.000000000005,77.1665772367603,NA
211,2,221102,"coordinate_exchange","x10","large","small","none","some",5,"low",45,8,16,12,120,4879,77.1665772367603,NA
212,1,221201,"point_exchange","x10","large","small","none","some",3,"high",1323,6,14,8,80,251.000000000005,71.038523321392,NA
212,1,221201,"coordinate_exchange","x10","large","small","none","some",3,"high",1323,6,14,8,80,2872.99999999999,71.038523321392,NA
212,2,221202,"point_exchange","x10","large","small","none","some",3,"high",1323,6,14,8,80,251.000000000005,71.038523321392,NA
212,2,221202,"coordinate_exchange","x10","large","small","none","some",3,"high",1323,6,14,8,80,2858.99999999999,71.038523321392,NA
213,1,221301,"point_exchange","x10","large","small","none","some",3,"low",27,6,14,12,120,107.99999999999,71.0385233213919,NA
213,1,221301,"coordinate_exchange","x10","large","small","none","some",3,"low",27,6,14,12,120,2888.00000000001,71.038523321392,NA
213,2,221302,"point_exchange","x10","large","small","none","some",3,"low",27,6,14,12,120,104.99999999999,71.0385233213919,NA
213,2,221302,"coordinate_exchange","x10","large","small","none","some",3,"low",27,6,14,12,120,2798,71.038523321392,NA
214,1,221401,"point_exchange","x10","large","small","none","some",4,"high",1764,7,15,5,50,192.999999999998,74.3077301752697,NA
214,1,221401,"coordinate_exchange","x10","large","small","none","some",4,"high",1764,7,15,5,50,1756,74.3077301752697,NA
214,2,221402,"point_exchange","x10","large","small","none","some",4,"high",1764,7,15,5,50,200.000000000003,74.3077301752697,NA
214,2,221402,"coordinate_exchange","x10","large","small","none","some",4,"high",1764,7,15,5,50,1756,74.3077301752697,NA
215,1,221501,"point_exchange","x10","large","small","none","some",4,"low",36,7,15,12,120,116.99999999999,74.2707453957266,NA
215,1,221501,"coordinate_exchange","x10","large","small","none","some",4,"low",36,7,15,12,120,3898,74.2707453957266,NA
215,2,221502,"point_exchange","x10","large","small","none","some",4,"low",36,7,15,12,120,116,74.2707453957266,NA
215,2,221502,"coordinate_exchange","x10","large","small","none","some",4,"low",36,7,15,12,120,4087,74.2707453957266,NA
216,1,221601,"point_exchange","x10","large","small","none","many",5,"high",2205,9,18,5,50,370.000000000005,63.9022107008594,NA
216,1,221601,"coordinate_exchange","x10","large","small","none","many",5,"high",2205,9,18,5,50,2867,63.9022107008593,NA
216,2,221602,"point_exchange","x10","large","small","none","many",5,"high",2205,9,18,5,50,366.99999999999,63.9022107008593,NA
216,2,221602,"coordinate_exchange","x10","large","small","none","many",5,"high",2205,9,18,5,50,2843.99999999999,63.9022107008593,NA
